ant-1.8.2/src/main/org/apache/tools/zip/ZipOutputStream.java;writeCentralDirectoryEnd;CWE79
ant-1.8.2/src/main/org/apache/tools/ant/taskdefs/Checksum.java;generateChecksums;CWE79
ant-1.8.2/src/main/org/apache/tools/bzip2/CBZip2OutputStream.java;sendMTFValues6;CWE90
ant-1.8.2/src/main/org/apache/tools/zip/ZipOutputStream.java;closeEntry;CWE79
ant-1.8.2/src/main/org/apache/tools/ant/taskdefs/GUnzip.java;extract;CWE22
ant-1.8.2/src/main/org/apache/tools/zip/ZipOutputStream.java;closeEntry;CWE90
ant-1.8.2/src/main/org/apache/tools/zip/ZipOutputStream.java;writeCentralFileHeader;CWE90
ant-1.8.2/src/main/org/apache/tools/ant/taskdefs/Jar.java;createIndexList;CWE90
ant-1.8.2/src/main/org/apache/tools/zip/ZipOutputStream.java;writeCentralFileHeader;CWE79
ant-1.8.2/src/main/org/apache/tools/ant/taskdefs/optional/net/TelnetTask.java;sendString;CWE79
ant-1.8.2/src/main/org/apache/tools/ant/taskdefs/Javac.java;generateMissingPackageInfoClasses;CWE79
ant-1.8.2/src/main/org/apache/tools/ant/taskdefs/GUnzip.java;extract;CWE90
ant-1.8.2/src/main/org/apache/tools/zip/ZipOutputStream.java;writeDataDescriptor;CWE79
ant-1.8.2/src/main/org/apache/tools/ant/types/resources/JavaConstantResource.java;openInputStream;CWE470
ant-1.8.2/src/main/org/apache/tools/ant/taskdefs/Jar.java;createIndexList;CWE79
ant-1.8.2/src/main/org/apache/tools/ant/util/LazyFileOutputStream.java;write;CWE79
ant-1.8.2/src/main/org/apache/tools/zip/ZipOutputStream.java;finish;CWE90
ant-1.8.2/src/main/org/apache/tools/ant/taskdefs/optional/ssh/ScpToMessage.java;sendFileToRemote;CWE79
ant-1.8.2/src/main/org/apache/tools/ant/taskdefs/Expand.java;extractFile;CWE79
ant-1.8.2/src/main/org/apache/tools/ant/taskdefs/Checksum.java;generateChecksums;CWE22
ant-1.8.2/src/main/org/apache/tools/ant/taskdefs/Javac.java;generateMissingPackageInfoClasses;CWE79
ant-1.8.2/src/main/org/apache/tools/zip/ZipOutputStream.java;writeCentralFileHeader;CWE79
ant-1.8.2/src/main/org/apache/tools/ant/taskdefs/Checksum.java;generateChecksums;CWE22
ant-1.8.2/src/main/org/apache/tools/zip/ZipOutputStream.java;writeCentralFileHeader;CWE90
ant-1.8.2/src/main/org/apache/tools/ant/taskdefs/Javadoc.java;doJava14;CWE22
ant-1.8.2/src/main/org/apache/tools/ant/taskdefs/Javac.java;generateMissingPackageInfoClasses;CWE79
ant-1.8.2/src/main/org/apache/tools/zip/ZipOutputStream.java;writeLocalFileHeader;CWE79
ant-1.8.2/src/main/org/apache/tools/ant/helper/ProjectHelper2.java;parse;CWE22
ant-1.8.2/src/main/org/apache/tools/ant/taskdefs/BUnzip2.java;extract;CWE22
ant-1.8.2/src/main/org/apache/tools/zip/ZipOutputStream.java;closeEntry;CWE79
ant-1.8.2/src/main/org/apache/tools/ant/taskdefs/Javac.java;generateMissingPackageInfoClasses;CWE90
ant-1.8.2/src/main/org/apache/tools/ant/util/ResourceUtils.java;copyResource;CWE22
ant-1.8.2/src/main/org/apache/tools/bzip2/CBZip2OutputStream.java;sendMTFValues5;CWE90
ant-1.8.2/src/main/org/apache/tools/ant/taskdefs/SQLExec.java;execute;CWE22
ant-1.8.2/src/main/org/apache/tools/zip/ZipOutputStream.java;writeCentralFileHeader;CWE79
ant-1.8.2/src/main/org/apache/tools/bzip2/CBZip2OutputStream.java;bsFinishedWithStream;CWE90
ant-1.8.2/src/main/org/apache/tools/ant/taskdefs/StreamPumper.java;run;CWE90
ant-1.8.2/src/main/org/apache/tools/ant/util/OutputStreamFunneler.java;write;CWE79
ant-1.8.2/src/main/org/apache/tools/ant/ComponentHelper.java;diagnoseCreationFailure;CWE79
ant-1.8.2/src/main/org/apache/tools/zip/ZipOutputStream.java;writeCentralFileHeader;CWE79
ant-1.8.2/src/main/org/apache/tools/zip/ZipOutputStream.java;writeCentralFileHeader;CWE79
ant-1.8.2/src/main/org/apache/tools/ant/taskdefs/Exec.java;outputLog;CWE79
ant-1.8.2/src/main/org/apache/tools/ant/util/ResourceUtils.java;copyResource;CWE90
ant-1.8.2/src/main/org/apache/tools/zip/ZipOutputStream.java;writeCentralDirectoryEnd;CWE90
ant-1.8.2/src/main/org/apache/tools/ant/taskdefs/BUnzip2.java;extract;CWE79
ant-1.8.2/src/main/org/apache/tools/ant/taskdefs/Get.java;downloadFile;CWE79
ant-1.8.2/src/main/org/apache/tools/ant/taskdefs/Replace.java;<org.apache.tools.ant.taskdefs.Replace.FileInput>;CWE22
ant-1.8.2/src/main/org/apache/tools/ant/taskdefs/Replace.java;<org.apache.tools.ant.taskdefs.Replace.FileInput>;CWE22
ant-1.8.2/src/main/org/apache/tools/ant/taskdefs/Manifest.java;writeValue;CWE79
ant-1.8.2/src/main/org/apache/tools/ant/taskdefs/optional/ReplaceRegExp.java;doReplace;CWE22
ant-1.8.2/src/main/org/apache/tools/zip/ZipOutputStream.java;writeCentralDirectoryEnd;CWE90
ant-1.8.2/src/main/org/apache/tools/ant/taskdefs/email/PlainMailer.java;attach;CWE22
ant-1.8.2/src/main/org/apache/tools/ant/ComponentHelper.java;diagnoseCreationFailure;CWE79
ant-1.8.2/src/main/org/apache/tools/zip/ZipOutputStream.java;writeLocalFileHeader;CWE79
ant-1.8.2/src/main/org/apache/tools/zip/ZipOutputStream.java;writeLocalFileHeader;CWE90
ant-1.8.2/src/main/org/apache/tools/zip/ZipOutputStream.java;writeCentralFileHeader;CWE79
ant-1.8.2/src/main/org/apache/tools/ant/taskdefs/optional/unix/Symlink.java;loadLinks;CWE22
ant-1.8.2/src/main/org/apache/tools/zip/ZipOutputStream.java;writeCentralFileHeader;CWE79
ant-1.8.2/src/main/org/apache/tools/ant/types/XMLCatalog.java;processExternalCatalogs;CWE470
ant-1.8.2/src/main/org/apache/tools/zip/ZipOutputStream.java;writeCentralFileHeader;CWE90
ant-1.8.2/src/main/org/apache/tools/zip/ZipOutputStream.java;finish;CWE79
ant-1.8.2/src/main/org/apache/tools/ant/ComponentHelper.java;printClassNotFound;CWE79
ant-1.8.2/src/main/org/apache/tools/zip/ZipOutputStream.java;writeLocalFileHeader;CWE90
ant-1.8.2/src/main/org/apache/tools/tar/TarOutputStream.java;write;CWE79
ant-1.8.2/src/main/org/apache/tools/zip/ZipOutputStream.java;writeLocalFileHeader;CWE90
ant-1.8.2/src/main/org/apache/tools/zip/ZipOutputStream.java;writeCentralFileHeader;CWE90
ant-1.8.2/src/main/org/apache/tools/zip/ZipOutputStream.java;writeCentralDirectoryEnd;CWE90
ant-1.8.2/src/main/org/apache/tools/ant/taskdefs/Execute.java;exec;CWE78
ant-1.8.2/src/main/org/apache/tools/ant/taskdefs/Javac.java;generateMissingPackageInfoClasses;CWE90
ant-1.8.2/src/main/org/apache/tools/tar/TarInputStream.java;copyEntryContents;CWE79
ant-1.8.2/src/main/org/apache/tools/ant/util/OutputStreamFunneler.java;write;CWE79
ant-1.8.2/src/main/org/apache/tools/ant/util/TeeOutputStream.java;write;CWE79
ant-1.8.2/src/main/org/apache/tools/ant/taskdefs/Checksum.java;generateChecksums;CWE79
ant-1.8.2/src/main/org/apache/tools/ant/taskdefs/optional/splash/SplashTask.java;execute;CWE90
ant-1.8.2/src/main/org/apache/tools/bzip2/CBZip2OutputStream.java;bsW;CWE90
ant-1.8.2/src/main/org/apache/tools/zip/ZipOutputStream.java;writeCentralFileHeader;CWE79
ant-1.8.2/src/main/org/apache/tools/ant/ComponentHelper.java;diagnoseCreationFailure;CWE79
ant-1.8.2/src/main/org/apache/tools/zip/ZipOutputStream.java;writeCentralFileHeader;CWE90
ant-1.8.2/src/main/org/apache/tools/bzip2/CBZip2OutputStream.java;sendMTFValues4;CWE90
ant-1.8.2/src/main/org/apache/tools/ant/taskdefs/Javac.java;generateMissingPackageInfoClasses;CWE79
ant-1.8.2/src/main/org/apache/tools/ant/util/TeeOutputStream.java;write;CWE79
ant-1.8.2/src/main/org/apache/tools/zip/ZipOutputStream.java;writeLocalFileHeader;CWE90
ant-1.8.2/src/main/org/apache/tools/zip/ZipOutputStream.java;writeOut;CWE90
ant-1.8.2/src/main/org/apache/tools/zip/ZipOutputStream.java;writeDataDescriptor;CWE90
ant-1.8.2/src/tests/junit/org/apache/tools/ant/taskdefs/optional/net/FTPTest.java;<org.apache.tools.ant.taskdefs.optional.net.FTPTest.randomFailureFTP>;CWE330
ant-1.8.2/src/main/org/apache/tools/ant/util/ResourceUtils.java;copyResource;CWE22
ant-1.8.2/src/main/org/apache/tools/zip/ZipOutputStream.java;writeDataDescriptor;CWE79
ant-1.8.2/src/main/org/apache/tools/ant/taskdefs/optional/jlink/jlink.java;addToOutputStream;CWE79
ant-1.8.2/src/main/org/apache/tools/zip/ZipOutputStream.java;writeOut;CWE79
ant-1.8.2/src/main/org/apache/tools/zip/ZipOutputStream.java;writeCentralFileHeader;CWE79
ant-1.8.2/src/main/org/apache/tools/ant/taskdefs/Checksum.java;generateChecksums;CWE90
ant-1.8.2/src/main/org/apache/tools/bzip2/CBZip2OutputStream.java;sendMTFValues7;CWE90
ant-1.8.2/src/main/org/apache/tools/zip/ZipOutputStream.java;closeEntry;CWE90
ant-1.8.2/src/main/org/apache/tools/tar/TarOutputStream.java;putNextEntry;CWE90
ant-1.8.2/src/main/org/apache/tools/ant/util/OutputStreamFunneler.java;write;CWE79
ant-1.8.2/src/main/org/apache/tools/ant/Project.java;getProject;CWE470
ant-1.8.2/src/main/org/apache/tools/ant/launch/Locator.java;decodeUri;CWE90
ant-1.8.2/src/main/org/apache/tools/zip/ZipOutputStream.java;writeDataDescriptor;CWE90
ant-1.8.2/src/main/org/apache/tools/ant/taskdefs/optional/pvcs/Pvcs.java;execute;CWE330
ant-1.8.2/src/main/org/apache/tools/zip/ZipOutputStream.java;writeCentralDirectoryEnd;CWE79
ant-1.8.2/src/main/org/apache/tools/zip/ZipOutputStream.java;writeLocalFileHeader;CWE79
ant-1.8.2/src/main/org/apache/tools/tar/TarOutputStream.java;putNextEntry;CWE79
ant-1.8.2/src/main/org/apache/tools/ant/taskdefs/optional/jlink/jlink.java;mergeZipJarContents;CWE79
ant-1.8.2/src/main/org/apache/tools/ant/util/ReflectUtil.java;invoke;CWE470
ant-1.8.2/src/main/org/apache/tools/zip/ZipOutputStream.java;writeCentralFileHeader;CWE79
ant-1.8.2/src/main/org/apache/tools/zip/ZipOutputStream.java;writeDataDescriptor;CWE90
ant-1.8.2/src/main/org/apache/tools/ant/taskdefs/GUnzip.java;extract;CWE79
ant-1.8.2/src/tests/junit/org/apache/tools/ant/taskdefs/DemuxOutputTask.java;execute;CWE330
ant-1.8.2/src/main/org/apache/tools/zip/ZipOutputStream.java;writeLocalFileHeader;CWE90
ant-1.8.2/src/main/org/apache/tools/ant/taskdefs/Manifest.java;write;CWE79
ant-1.8.2/src/main/org/apache/tools/ant/types/resources/FileResource.java;getInputStream;CWE22
ant-1.8.2/src/main/org/apache/tools/ant/taskdefs/optional/junit/PlainJUnitResultFormatter.java;startTestSuite;CWE79
ant-1.8.2/src/main/org/apache/tools/zip/ZipOutputStream.java;writeCentralFileHeader;CWE90
ant-1.8.2/src/main/org/apache/tools/ant/taskdefs/optional/ejb/GenericDeploymentTool.java;addFileToJar;CWE79
ant-1.8.2/src/main/org/apache/tools/ant/util/LazyFileOutputStream.java;write;CWE79
ant-1.8.2/src/main/org/apache/tools/zip/ZipOutputStream.java;putNextEntry;CWE79
ant-1.8.2/src/main/org/apache/tools/ant/taskdefs/Replace.java;<org.apache.tools.ant.taskdefs.Replace.FileOutput>;CWE22
ant-1.8.2/src/main/org/apache/tools/ant/taskdefs/email/PlainMailer.java;attach;CWE79
ant-1.8.2/src/main/org/apache/tools/zip/ZipOutputStream.java;writeDataDescriptor;CWE79
ant-1.8.2/src/main/org/apache/tools/zip/ZipOutputStream.java;writeCentralDirectoryEnd;CWE79
ant-1.8.2/src/main/org/apache/tools/ant/taskdefs/BUnzip2.java;extract;CWE22
ant-1.8.2/src/main/org/apache/tools/ant/util/ResourceUtils.java;copyResource;CWE79
ant-1.8.2/src/main/org/apache/tools/ant/taskdefs/StreamPumper.java;run;CWE79
ant-1.8.2/src/main/org/apache/tools/ant/launch/Locator.java;decodeUri;CWE90
ant-1.8.2/src/main/org/apache/tools/ant/taskdefs/Javac.java;generateMissingPackageInfoClasses;CWE90
ant-1.8.2/src/main/org/apache/tools/ant/taskdefs/optional/junit/SummaryJUnitResultFormatter.java;startTestSuite;CWE79
ant-1.8.2/src/main/org/apache/tools/ant/types/resources/FileResource.java;getOutputStream;CWE22
ant-1.8.2/src/main/org/apache/tools/zip/ZipOutputStream.java;writeLocalFileHeader;CWE90
ant-1.8.2/src/main/org/apache/tools/ant/taskdefs/Javac.java;generateMissingPackageInfoClasses;CWE79
ant-1.8.2/src/main/org/apache/tools/ant/taskdefs/optional/jdepend/JDependTask.java;executeInVM;CWE470
ant-1.8.2/src/main/org/apache/tools/tar/TarOutputStream.java;write;CWE90
ant-1.8.2/src/main/org/apache/tools/zip/ZipOutputStream.java;writeCentralFileHeader;CWE90
ant-1.8.2/src/main/org/apache/tools/zip/ZipOutputStream.java;writeCentralFileHeader;CWE90
ant-1.8.2/src/main/org/apache/tools/ant/taskdefs/Manifest.java;writeValue;CWE79
ant-1.8.2/src/main/org/apache/tools/zip/ZipOutputStream.java;writeLocalFileHeader;CWE90
ant-1.8.2/src/main/org/apache/tools/ant/filters/util/ChainReaderHelper.java;expandReader;CWE470
ant-1.8.2/src/main/org/apache/tools/ant/launch/Locator.java;decodeUri;CWE79
ant-1.8.2/src/main/org/apache/tools/zip/ZipOutputStream.java;closeEntry;CWE90
ant-1.8.2/src/main/org/apache/tools/zip/ZipOutputStream.java;closeEntry;CWE79
ant-1.8.2/src/main/org/apache/tools/ant/taskdefs/Javac.java;generateMissingPackageInfoClasses;CWE90
ant-1.8.2/src/main/org/apache/tools/zip/ZipOutputStream.java;writeCentralFileHeader;CWE90
ant-1.8.2/src/main/org/apache/tools/zip/ZipOutputStream.java;writeCentralDirectoryEnd;CWE79
ant-1.8.2/src/main/org/apache/tools/ant/taskdefs/Checksum.java;readChecksum;CWE22
ant-1.8.2/src/main/org/apache/tools/zip/ZipOutputStream.java;writeLocalFileHeader;CWE90
ant-1.8.2/src/main/org/apache/tools/bzip2/CBZip2OutputStream.java;sendMTFValues5;CWE90
ant-1.8.2/src/main/org/apache/tools/zip/ZipOutputStream.java;writeOut;CWE79
ant-1.8.2/src/main/org/apache/tools/ant/util/TeeOutputStream.java;write;CWE79
ant-1.8.2/src/main/org/apache/tools/zip/ZipOutputStream.java;writeCentralFileHeader;CWE79
ant-1.8.2/src/main/org/apache/tools/ant/taskdefs/optional/ReplaceRegExp.java;doReplace;CWE22
ant-1.8.2/src/main/org/apache/tools/ant/taskdefs/Javac.java;generateMissingPackageInfoClasses;CWE90
ant-1.8.2/src/main/org/apache/tools/ant/taskdefs/Jar.java;writeIndexLikeList;CWE79
ant-1.8.2/src/main/org/apache/tools/ant/taskdefs/optional/Cab.java;execute;CWE79
ant-1.8.2/src/main/org/apache/tools/ant/Project.java;getProject;CWE470
ant-1.8.2/src/main/org/apache/tools/ant/taskdefs/Manifest.java;write;CWE79
ant-1.8.2/src/main/org/apache/tools/zip/ZipOutputStream.java;putNextEntry;CWE90
ant-1.8.2/src/main/org/apache/tools/ant/taskdefs/optional/sound/SoundTask.java;getSource;CWE330
ant-1.8.2/src/main/org/apache/tools/zip/ZipOutputStream.java;writeCentralFileHeader;CWE90
ant-1.8.2/src/main/org/apache/tools/ant/taskdefs/optional/net/RExecTask.java;sendString;CWE79
ant-1.8.2/src/main/org/apache/tools/ant/ComponentHelper.java;diagnoseCreationFailure;CWE79
ant-1.8.2/src/main/org/apache/tools/ant/launch/Locator.java;decodeUri;CWE79
ant-1.8.2/src/main/org/apache/tools/zip/ZipOutputStream.java;writeOut;CWE90
ant-1.8.2/src/main/org/apache/tools/zip/ZipOutputStream.java;closeEntry;CWE90
ant-1.8.2/src/main/org/apache/tools/zip/ZipOutputStream.java;writeLocalFileHeader;CWE79
ant-1.8.2/src/main/org/apache/tools/ant/taskdefs/GUnzip.java;extract;CWE22
ant-1.8.2/src/main/org/apache/tools/zip/ZipOutputStream.java;writeLocalFileHeader;CWE79
ant-1.8.2/src/main/org/apache/tools/ant/taskdefs/Jar.java;writeIndexLikeList;CWE90
ant-1.8.2/src/main/org/apache/tools/ant/taskdefs/Javac.java;generateMissingPackageInfoClasses;CWE22
ant-1.8.2/src/main/org/apache/tools/zip/ZipOutputStream.java;writeCentralFileHeader;CWE79
ant-1.8.2/src/main/org/apache/tools/ant/taskdefs/Get.java;downloadFile;CWE90
ant-1.8.2/src/main/org/apache/tools/ant/Project.java;setProjectReference;CWE470
ant-1.8.2/src/main/org/apache/tools/zip/ZipOutputStream.java;writeLocalFileHeader;CWE79
ant-1.8.2/src/main/org/apache/tools/zip/ZipOutputStream.java;closeEntry;CWE79
ant-1.8.2/src/main/org/apache/tools/ant/taskdefs/BUnzip2.java;extract;CWE90
ant-1.8.2/src/main/org/apache/tools/ant/taskdefs/Manifest.java;writeValue;CWE79
ant-1.8.2/src/main/org/apache/tools/zip/ZipOutputStream.java;writeCentralDirectoryEnd;CWE90
ant-1.8.2/src/main/org/apache/tools/zip/ZipOutputStream.java;writeCentralFileHeader;CWE90
ant-1.8.2/src/main/org/apache/tools/zip/ZipOutputStream.java;writeLocalFileHeader;CWE79
ant-1.8.2/src/main/org/apache/tools/tar/TarInputStream.java;copyEntryContents;CWE90
ant-1.8.2/src/main/org/apache/tools/ant/taskdefs/email/PlainMailer.java;attach;CWE90
ant-1.8.2/src/main/org/apache/tools/zip/ZipOutputStream.java;writeCentralFileHeader;CWE90
ant-1.8.2/src/main/org/apache/tools/zip/ZipOutputStream.java;writeLocalFileHeader;CWE79
antlr-3.4/tool/src/main/java/org/antlr/tool/RandomPhrase.java;main;CWE330
axion-1.0-M2/src/org/axiondb/tools/Console.java;execute;CWE79
axion-1.0-M2/src/org/axiondb/tools/Console.java;execute;CWE79
axion-1.0-M2/src/org/axiondb/engine/DiskSystemTable.java;checkpoint;CWE79
cobertura-1.9.4.1/src/net/sourceforge/cobertura/reporting/html/HTMLReport.java;generateSourceFile;CWE79
colt-1.2.0/src/hep/aida/ref/Test2.java;main;CWE330
colt-1.2.0/src/cern/jet/random/engine/Benchmark.java;benchmark;CWE330
colt-1.2.0/src/hep/aida/ref/Test2.java;main2;CWE330
colt-1.2.0/src/hep/aida/ref/Test.java;main;CWE330
colt-1.2.0/src/cern/jet/random/engine/Benchmark.java;xtestRandomFromTo;CWE330
displaytag-1.2/displaytag-examples/src/main/java/org/displaytag/sample/TestList.java;<org.displaytag.sample.TestList>;CWE330
displaytag-1.2/displaytag-examples/src/main/java/org/displaytag/sample/TestList.java;<org.displaytag.sample.TestList>;CWE330
displaytag-1.2/displaytag-examples/src/main/java/org/displaytag/sample/TestList.java;<org.displaytag.sample.TestList>;CWE330
displaytag-1.2/displaytag-examples/src/main/java/org/displaytag/sample/TestList.java;<org.displaytag.sample.TestList>;CWE330
displaytag-1.2/displaytag-examples/src/main/java/org/displaytag/sample/TestList.java;<org.displaytag.sample.TestList>;CWE330
displaytag-1.2/displaytag-examples/src/main/java/org/displaytag/sample/TestList.java;<org.displaytag.sample.TestList>;CWE330
displaytag-examples/src/main/java/org/displaytag/sample/TestList.java;<org.displaytag.sample.TestList>;CWE330
displaytag-examples/src/main/java/org/displaytag/sample/TestList.java;<org.displaytag.sample.TestList>;CWE330
displaytag-examples/src/main/java/org/displaytag/sample/TestList.java;<org.displaytag.sample.TestList>;CWE330
exoportal-v1.0.2/test/webunit-framework/src/java/org/exoplatform/test/web/Tasks.java;reset;CWE330
findbugs-1.3.9/src/java/edu/umd/cs/findbugs/workflow/CopyBuggySource.java;main;CWE90
findbugs-1.3.9/src/java/edu/umd/cs/findbugs/cloud/db/DBStats.java;main;CWE79
findbugs-1.3.9/src/java/edu/umd/cs/findbugs/workflow/ListBugDatabaseInfo.java;listVersion;CWE79
findbugs-1.3.9/src/tools/edu/umd/cs/findbugs/tools/FixIndentation.java;fix;CWE79
findbugs-1.3.9/src/java/edu/umd/cs/findbugs/cloud/db/DBCloud.java;printLeaderBoard2;CWE79
findbugs-1.3.9/src/java/edu/umd/cs/findbugs/workflow/CopyBuggySource.java;main;CWE79
findbugs-1.3.9/src/java/edu/umd/cs/findbugs/cloud/db/DBCloud.java;getBugReportHead;CWE79
findbugs-1.3.9/src/java/edu/umd/cs/findbugs/workflow/ListBugDatabaseInfo.java;listVersion;CWE79
findbugs-1.3.9/src/java/edu/umd/cs/findbugs/workflow/ListBugDatabaseInfo.java;listVersion;CWE79
findbugs-1.3.9/src/java/edu/umd/cs/findbugs/ba/SourceFile.java;loadFileData;CWE90
findbugs-1.3.9/src/java/edu/umd/cs/findbugs/workflow/ListBugDatabaseInfo.java;listVersion;CWE79
findbugs-1.3.9/src/java/edu/umd/cs/findbugs/cloud/db/DBCloud.java;getBugReportSourceCode;CWE79
findbugs-1.3.9/src/java/edu/umd/cs/findbugs/cloud/db/DBCloud.java;getBugReportHead;CWE79
findbugs-1.3.9/src/java/edu/umd/cs/findbugs/io/IO.java;copy;CWE90
findbugs-1.3.9/src/java/edu/umd/cs/findbugs/cloud/db/DBCloud.java;getBugReportHead;CWE79
findbugs-1.3.9/src/java/edu/umd/cs/findbugs/cloud/db/DBCloud.java;printCloudSummary;CWE79
findbugs-1.3.9/src/java/edu/umd/cs/findbugs/cloud/db/DBStats.java;printTimeSeries;CWE79
findbugs-1.3.9/src/java/edu/umd/cs/findbugs/cloud/db/DBCloud.java;printLeaderBoard2;CWE79
findbugs-1.3.9/src/java/edu/umd/cs/findbugs/workflow/ListBugDatabaseInfo.java;listVersion;CWE79
findbugs-1.3.9/src/java/edu/umd/cs/findbugs/cloud/db/DBStats.java;printMultisetContents;CWE79
findbugs-1.3.9/src/java/edu/umd/cs/findbugs/TestDesktopIntegration.java;<edu.umd.cs.findbugs.TestDesktopIntegration>;CWE90
findbugs-1.3.9/src/java/edu/umd/cs/findbugs/cloud/db/DBStats.java;printPatterns;CWE79
findbugs-1.3.9/src/java/edu/umd/cs/findbugs/cloud/db/DBCloud.java;getBugReportSourceCode;CWE79
findbugs-1.3.9/src/java/edu/umd/cs/findbugs/cloud/db/DBCloud.java;getBugReportSourceCode;CWE90
findbugs-1.3.9/src/java/edu/umd/cs/findbugs/TestDesktopIntegration.java;<edu.umd.cs.findbugs.TestDesktopIntegration>;CWE90
findbugs-1.3.9/src/java/edu/umd/cs/findbugs/cloud/db/DBCloud.java;getBugReportSourceCode;CWE90
freecol-0.10.3/src/net/sf/freecol/client/gui/sound/Playlist.java;next;CWE330
freecol-0.10.3/src/net/sf/freecol/client/gui/sound/Playlist.java;next;CWE330
freecol-0.10.3/src/net/sf/freecol/server/FreeColServer.java;getRandomState;CWE90
freecol-0.10.3/src/net/sf/freecol/server/FreeColServer.java;<net.sf.freecol.server.FreeColServer>;CWE330
freecol-0.10.3/src/net/sf/freecol/client/gui/sound/Playlist.java;next;CWE330
freecol-0.10.3/src/net/sf/freecol/client/gui/Canvas.java;showInformationMessage;CWE470
freecol-0.10.3/src/net/sf/freecol/common/model/Specification.java;getType;CWE470
freecol-0.10.3/src/net/sf/freecol/server/FreeColServer.java;<net.sf.freecol.server.FreeColServer>;CWE330
freecs-1.3.20100406/src/freecs/commands/CmdHitDice.java;execute;CWE330
freecs-1.3.20100406/src/freecs/util/CookieGenerator.java;generateCookie;CWE330
freecs-1.3.20100406/src/freecs/auth/AuthManager.java;generateColCode;CWE330
freecs-1.3.20100406/src/freecs/util/logger/LogWriterBenchmark.java;run;CWE330
freecs-1.3.20100406/src/freecs/auth/AuthManager.java;generateColCode;CWE330
freecs-1.3.20100406/src/freecs/layout/Template.java;render;CWE330
freecs-1.3.20100406/src/freecs/auth/AuthManager.java;generateColCode;CWE330
freecs-1.3.20100406/src/freecs/commands/CmdHitDice.java;execute;CWE330
galleon-2.3.0/src/org/lnicholls/galleon/skins/SkinLoader.java;findResource;CWE79
galleon-2.3.0/src/org/lnicholls/galleon/winamp/SkinLoader.java;loadResource;CWE79
galleon-2.3.0/src/org/lnicholls/galleon/apps/menu/Menu.java;createRow;CWE79
galleon-2.3.0/src/org/lnicholls/galleon/apps/internetSlideshows/InternetSlideshows.java;run;CWE330
galleon-2.3.0/src/org/lnicholls/galleon/goback/VideoServer.java;handle;CWE79
galleon-2.3.0/src/org/lnicholls/galleon/apps/photos/Photos.java;run;CWE330
galleon-2.3.0/src/org/lnicholls/galleon/widget/DefaultApplication.java;setRandom;CWE330
galleon-2.3.0/src/org/lnicholls/galleon/apps/menu/Menu.java;createRow;CWE90
galleon-2.3.0/src/org/lnicholls/galleon/goback/VideoServer.java;handle;CWE79
galleon-2.3.0/src/org/lnicholls/galleon/goback/VideoServer.java;handle;CWE79
galleon-2.3.0/src/org/lnicholls/galleon/util/Configurator.java;save;CWE79
ganttproject-2.1.1/ganttproject/src/net/sourceforge/ganttproject/document/ProxyDocument.java;write;CWE90
ganttproject-2.1.1/ganttproject/src/net/sourceforge/ganttproject/GanttPreviousState.java;createTemporaryFile;CWE330
ganttproject-2.1.1/ganttproject/src/net/sourceforge/ganttproject/gui/TipsDialog.java;<net.sourceforge.ganttproject.gui.TipsDialog>;CWE330
ganttproject-2.1.1/ganttproject/src/net/sourceforge/ganttproject/document/NetworkOptionPageProvider.java;actionPerformed;CWE90
ganttproject-2.1.1/ganttproject/src/net/sourceforge/ganttproject/export/WebPublisher.java;run;CWE90
informa-0.7.0-alpha2/src/de/nava/informa/impl/basic/IdGenerator.java;<de.nava.informa.impl.basic.IdGenerator>;CWE330
ivatagroupware-0.11.3/mask/src/java/com/ivata/groupware/container/struts/PicoRequestProcessorImplementation.java;createActionForm;CWE470
ivatagroupware-0.11.3/mask/src/java/com/ivata/groupware/container/struts/PicoRequestProcessorImplementation.java;createActionForm;CWE470
jag-6.1/src/com/finalist/jag/util/FileUtils.java;createFile;CWE79
jasml-0.10/src/com/jasml/compiler/JavaClassDumpper.java;dumpAttribute;CWE79
jasml-0.10/src/com/jasml/compiler/JavaClassDumpper.java;dumpConstantPool;CWE79
jasml-0.10/src/com/jasml/compiler/JavaClassDumpper.java;dumpConstantPool;CWE79
jasml-0.10/src/com/jasml/compiler/JavaClassDumpper.java;dumpAttribute;CWE79
jasml-0.10/src/com/jasml/compiler/JavaClassDumpper.java;dumpConstantPool;CWE79
jasml-0.10/src/com/jasml/compiler/JavaClassDumpper.java;dumpConstantPool;CWE79
jasml-0.10/src/com/jasml/compiler/JavaClassDumpper.java;dumpAttribute;CWE79
jasml-0.10/src/com/jasml/compiler/JavaClassDumpper.java;dumpFields;CWE79
jasml-0.10/src/com/jasml/compiler/JavaClassDumpper.java;dumpFields;CWE79
jasml-0.10/src/com/jasml/compiler/JavaClassDumpper.java;dumpAttribute;CWE79
jasml-0.10/src/com/jasml/compiler/JavaClassDumpper.java;dumpConstantPool;CWE79
jasml-0.10/src/com/jasml/compiler/JavaClassDumpper.java;dumpMethods;CWE79
jasml-0.10/src/com/jasml/compiler/JavaClassDumpper.java;dumpAttribute;CWE79
jasml-0.10/src/com/jasml/compiler/JavaClassDumpper.java;dumpAttribute;CWE79
jasml-0.10/src/com/jasml/compiler/JavaClassDumpper.java;dumpConstantPool;CWE79
jasml-0.10/src/com/jasml/compiler/JavaClassDumpper.java;dumpConstantPool;CWE79
jasml-0.10/src/com/jasml/compiler/JavaClassDumpper.java;dumpFields;CWE79
jasml-0.10/src/com/jasml/compiler/JavaClassDumpper.java;dumpAttribute;CWE79
jasml-0.10/src/com/jasml/compiler/JavaClassDumpper.java;dumpConstantPool;CWE79
jasml-0.10/src/com/jasml/compiler/JavaClassDumpper.java;dumpAttribute;CWE79
jasml-0.10/src/com/jasml/compiler/JavaClassDumpper.java;dumpMethods;CWE79
jasml-0.10/src/com/jasml/compiler/JavaClassDumpper.java;dumpAttribute;CWE79
jasml-0.10/src/com/jasml/compiler/JavaClassDumpper.java;dumpConstantPool;CWE79
jasml-0.10/src/com/jasml/compiler/JavaClassDumpper.java;dumpAttribute;CWE79
jasml-0.10/src/com/jasml/compiler/JavaClassDumpper.java;dumpConstantPool;CWE79
jasml-0.10/src/com/jasml/compiler/JavaClassDumpper.java;dumpClassInfo;CWE79
jasml-0.10/src/com/jasml/compiler/JavaClassDumpper.java;dumpClassHeader;CWE79
jasml-0.10/src/com/jasml/compiler/JavaClassDumpper.java;dumpConstantPool;CWE79
jasml-0.10/src/com/jasml/compiler/JavaClassDumpper.java;dumpConstantPool;CWE79
jasml-0.10/src/com/jasml/compiler/JavaClassDumpper.java;dumpAttribute;CWE79
jasml-0.10/src/com/jasml/compiler/JavaClassDumpper.java;dumpConstantPool;CWE79
jasml-0.10/src/com/jasml/compiler/JavaClassDumpper.java;dumpAttribute;CWE79
jasml-0.10/src/com/jasml/compiler/JavaClassDumpper.java;dumpAttribute;CWE79
jasml-0.10/src/com/jasml/compiler/JavaClassDumpper.java;dumpAttribute;CWE79
jasml-0.10/src/com/jasml/compiler/JavaClassDumpper.java;dumpAttribute;CWE79
jasml-0.10/src/com/jasml/compiler/JavaClassDumpper.java;dumpAttribute;CWE79
jasml-0.10/src/com/jasml/compiler/JavaClassDumpper.java;dumpAttribute;CWE79
jasml-0.10/src/com/jasml/compiler/JavaClassDumpper.java;dumpConstantPool;CWE79
jasml-0.10/src/com/jasml/compiler/JavaClassDumpper.java;dumpClassHeader;CWE79
jasml-0.10/src/com/jasml/compiler/JavaClassDumpper.java;dumpMethods;CWE79
jasml-0.10/src/com/jasml/compiler/JavaClassDumpper.java;dumpClassInfo;CWE79
jasml-0.10/src/com/jasml/compiler/JavaClassDumpper.java;dumpAttribute;CWE79
jasml-0.10/src/com/jasml/compiler/JavaClassDumpper.java;dumpAttribute;CWE79
jasml-0.10/src/com/jasml/compiler/JavaClassDumpper.java;dumpConstantPool;CWE79
jasml-0.10/src/com/jasml/compiler/JavaClassDumpper.java;dumpAttribute;CWE79
jasml-0.10/src/com/jasml/compiler/JavaClassDumpper.java;dumpAttribute;CWE79
jasml-0.10/src/com/jasml/compiler/JavaClassDumpper.java;dumpClassHeader;CWE79
jasml-0.10/src/com/jasml/compiler/JavaClassDumpper.java;dumpConstantPool;CWE79
jasml-0.10/src/com/jasml/compiler/JavaClassDumpper.java;dumpAttribute;CWE79
jasml-0.10/src/com/jasml/compiler/JavaClassDumpper.java;dumpConstantPool;CWE79
jasml-0.10/src/com/jasml/compiler/JavaClassDumpper.java;dumpAttribute;CWE79
jasml-0.10/src/com/jasml/compiler/JavaClassDumpper.java;dumpMethods;CWE79
jasml-0.10/src/com/jasml/compiler/JavaClassDumpper.java;dumpClassAttributes;CWE79
jasml-0.10/src/com/jasml/compiler/JavaClassDumpper.java;dumpAttribute;CWE79
jasml-0.10/src/com/jasml/compiler/JavaClassDumpper.java;dumpAttribute;CWE79
jasml-0.10/src/com/jasml/compiler/JavaClassDumpper.java;dumpAttribute;CWE79
jasml-0.10/src/com/jasml/compiler/JavaClassDumpper.java;dumpClassInfo;CWE79
jasml-0.10/src/com/jasml/compiler/JavaClassDumpper.java;dumpAttribute;CWE79
jasml-0.10/src/com/jasml/compiler/JavaClassDumpper.java;dumpAttribute;CWE79
jasml-0.10/src/com/jasml/compiler/JavaClassDumpper.java;dumpInterfaces;CWE79
jasml-0.10/src/com/jasml/compiler/JavaClassDumpper.java;dumpInterfaces;CWE79
jasml-0.10/src/com/jasml/compiler/JavaClassDumpper.java;dumpFields;CWE79
jasml-0.10/src/com/jasml/compiler/JavaClassDumpper.java;dumpMethods;CWE79
jasml-0.10/src/com/jasml/compiler/JavaClassDumpper.java;dumpFields;CWE79
jgraph-5.13.0.0/src/com/jgraph/layout/organic/JGraphOrganicLayout.java;performRound;CWE330
jgraph-5.13.0.0/src/com/jgraph/layout/organic/JGraphSelfOrganizingOrganicLayout.java;updateToRandomNode;CWE330
jgraph-5.13.0.0/src/com/jgraph/layout/organic/JGraphFastOrganicLayout.java;calcRepulsion;CWE330
jgraph-5.13.0.0/src/com/jgraph/layout/JGraphFacade.java;tilt;CWE330
jgraph-5.13.0.0/src/com/jgraph/layout/JGraphFacade.java;randomize;CWE330
jgraph-5.13.0.0/src/com/jgraph/layout/organic/JGraphOrganicLayout.java;createPermutation;CWE330
jgraph-5.13.0.0/src/com/jgraph/layout/organic/JGraphSelfOrganizingOrganicLayout.java;updateToRandomNode;CWE330
jgraph-5.13.0.0/src/com/jgraph/layout/organic/JGraphFastOrganicLayout.java;calcRepulsion;CWE330
jgraphpad-5.10.0.2/src/org/jgraph/plugins/layouts/SpringEmbeddedLayoutAlgorithm.java;calculateAttractiveForces;CWE330
jgraphpad-5.10.0.2/src/org/jgraph/plugins/layouts/SpringEmbeddedLayoutAlgorithm.java;randomizeVertexPositions;CWE330
jgraphpad-5.10.0.2/src/org/jgraph/plugins/layouts/AnnealingLayoutAlgorithm.java;init;CWE330
jgraphpad-5.10.0.2/src/org/jgraph/plugins/layouts/AnnealingLayoutAlgorithm.java;getRandomVector;CWE330
jgraphpad-5.10.0.2/src/org/jgraph/pad/actionsbase/lazy/FileUploadToServer.java;post;CWE90
jgraphpad-5.10.0.2/src/org/jgraph/plugins/layouts/GEMLayoutAlgorithm.java;getRandomVector;CWE330
jgraphpad-5.10.0.2/src/org/jgraph/plugins/layouts/AnnealingLayoutAlgorithm.java;createPermutation;CWE330
jgraphpad-5.10.0.2/src/org/jgraph/plugins/layouts/AnnealingLayoutAlgorithm.java;init;CWE330
jgraphpad-5.10.0.2/src/org/jgraph/plugins/layouts/AnnealingLayoutAlgorithm.java;arrangeLayoutUpdateInsertedCellsPlacement;CWE330
jgraphpad-5.10.0.2/src/org/jgraph/plugins/layouts/GEMLayoutAlgorithm.java;createPermutation;CWE330
jgraphpad-5.10.0.2/src/org/jgraph/plugins/layouts/AnnealingLayoutAlgorithm.java;createPermutation;CWE330
jgraphpad-5.10.0.2/src/org/jgraph/plugins/layouts/AnnealingLayoutAlgorithm.java;clusterGraph;CWE330
jgraphpad-5.10.0.2/src/org/jgraph/plugins/layouts/GEMLayoutAlgorithm.java;createPermutation;CWE330
jgraphpad-5.10.0.2/src/org/jgraph/plugins/layouts/AnnealingLayoutAlgorithm.java;getRandomVector;CWE330
jgraphpad-5.10.0.2/src/org/jgraph/pad/actionsbase/lazy/FileUploadToServer.java;post;CWE90
jgraphpad-5.10.0.2/src/org/microplatform/Utilities.java;rnd;CWE330
jgraphpad-5.10.0.2/src/org/jgraph/plugins/layouts/GEMLayoutAlgorithm.java;clusterGraph;CWE330
jgraphpad-5.10.0.2/src/org/jgraph/plugins/gpgraph/Touch.java;avoidLabels;CWE330
jgraphpad-5.10.0.2/src/org/jgraph/plugins/layouts/AnnealingLayoutAlgorithm.java;getBolzmanBreak;CWE330
jgraphpad-5.10.0.2/src/org/jgraph/plugins/codecs/JGraphJGX.java;write;CWE79
jgraphpad-5.10.0.2/src/org/jgraph/plugins/layouts/AnnealingLayoutAlgorithm.java;performRound;CWE330
jgrapht-0.8.1/src/org/jgrapht/generate/RandomGraphGenerator.java;<org.jgrapht.generate.RandomGraphGenerator>;CWE330
jgrapht-0.8.1/src/org/jgrapht/generate/ScaleFreeGraphGenerator.java;<org.jgrapht.generate.ScaleFreeGraphGenerator>;CWE330
jgrapht-0.8.1/src/org/jgrapht/generate/ScaleFreeGraphGenerator.java;<org.jgrapht.generate.ScaleFreeGraphGenerator>;CWE330
jmeter-2.5.1/src/protocol/http/org/apache/jmeter/protocol/http/proxy/Proxy.java;writeToClient;CWE79
jmeter-2.5.1/src/reports/org/apache/jmeter/gui/ReportGuiPackage.java;getGui;CWE470
jmeter-2.5.1/src/core/org/apache/jmeter/services/FileServer.java;createBufferedReader;CWE22
jmeter-2.5.1/src/functions/org/apache/jmeter/functions/Random.java;execute;CWE330
jmeter-2.5.1/src/protocol/java/org/apache/jmeter/protocol/java/config/gui/JavaConfigGui.java;actionPerformed;CWE470
jmeter-2.5.1/src/protocol/http/org/apache/jmeter/protocol/http/control/HttpMirrorThread.java;run;CWE79
jmeter-2.5.1/src/junit/org/apache/jmeter/protocol/java/control/gui/JUnitTestSamplerGui.java;setupMethods;CWE470
jmeter-2.5.1/src/core/org/apache/jmeter/util/BSFTestElement.java;processFileOrScript;CWE22
jmeter-2.5.1/src/protocol/http/org/apache/jmeter/protocol/http/control/AuthManager.java;save;CWE79
jmeter-2.5.1/src/protocol/http/org/apache/jmeter/protocol/http/control/CookieManager.java;save;CWE90
jmeter-2.5.1/src/protocol/jms/org/apache/jmeter/protocol/jms/sampler/PublisherSampler.java;getMapContent;CWE470
jmeter-2.5.1/src/reports/org/apache/jmeter/report/gui/tree/ReportTreeNode.java;getIcon;CWE470
jmeter-2.5.1/src/protocol/http/org/apache/jmeter/protocol/http/sampler/PostWriter.java;sendPostData;CWE90
jmeter-2.5.1/src/protocol/http/org/apache/jmeter/protocol/http/control/HttpMirrorThread.java;run;CWE79
jmeter-2.5.1/src/protocol/http/org/apache/jmeter/protocol/http/sampler/PostWriter.java;setHeaders;CWE79
jmeter-2.5.1/src/protocol/mail/org/apache/jmeter/protocol/smtp/sampler/protocol/LocalTrustStoreSSLSocketFactory.java;<org.apache.jmeter.protocol.smtp.sampler.protocol.LocalTrustStoreSSLSocketFactory>;CWE22
jmeter-2.5.1/src/protocol/java/org/apache/jmeter/protocol/java/sampler/BSFSampler.java;sample;CWE22
jmeter-2.5.1/src/protocol/http/org/apache/jmeter/protocol/http/sampler/PostWriter.java;sendPostData;CWE90
jmeter-2.5.1/src/components/org/apache/jmeter/config/RandomVariableConfig.java;initialValue;CWE330
jmeter-2.5.1/src/components/org/apache/jmeter/assertions/HTMLAssertion.java;getResult;CWE90
jmeter-2.5.1/src/protocol/http/org/apache/jmeter/protocol/http/sampler/PostWriter.java;sendPostData;CWE90
jmeter-2.5.1/src/protocol/http/org/apache/jmeter/protocol/http/sampler/AjpSampler.java;setConnectionHeaders;CWE22
jmeter-2.5.1/src/protocol/http/org/apache/jmeter/protocol/http/control/HttpMirrorThread.java;run;CWE79
jmeter-2.5.1/src/protocol/http/org/apache/jmeter/protocol/http/sampler/PostWriter.java;write;CWE90
jmeter-2.5.1/src/protocol/http/org/apache/jmeter/protocol/http/sampler/PostWriter.java;sendPostData;CWE90
jmeter-2.5.1/src/jorphan/org/apache/jorphan/util/Converter.java;convert;CWE470
jmeter-2.5.1/src/protocol/ldap/org/apache/jmeter/protocol/ldap/sampler/LdapExtClient.java;compare;CWE90
jmeter-2.5.1/src/protocol/http/org/apache/jmeter/protocol/http/sampler/WebServiceSampler.java;sample;CWE22
jmeter-2.5.1/src/protocol/http/org/apache/jmeter/protocol/http/proxy/Proxy.java;writeToClient;CWE79
jmeter-2.5.1/src/protocol/http/org/apache/jmeter/protocol/http/proxy/Proxy.java;writeToClient;CWE90
jmeter-2.5.1/src/core/org/apache/jmeter/reporters/ResultSaver.java;saveSample;CWE22
jmeter-2.5.1/src/junit/org/apache/jmeter/protocol/java/sampler/JUnitSampler.java;runTest;CWE470
jmeter-2.5.1/src/core/org/apache/jmeter/reporters/ResultSaver.java;saveSample;CWE90
jmeter-2.5.1/src/junit/org/apache/jmeter/protocol/java/sampler/JUnitSampler.java;initializeTestObject;CWE470
jmeter-2.5.1/src/protocol/tcp/org/apache/jmeter/protocol/tcp/sampler/TCPSampler.java;getClass;CWE470
jmeter-2.5.1/src/core/org/apache/jmeter/reporters/ResultCollector.java;loadExistingFile;CWE22
jmeter-2.5.1/src/core/org/apache/jmeter/util/BeanShellInterpreter.java;bshInvoke;CWE470
jmeter-2.5.1/src/protocol/http/org/apache/jmeter/protocol/http/control/AuthManager.java;save;CWE90
jmeter-2.5.1/src/protocol/tcp/org/apache/jmeter/protocol/tcp/sampler/TCPSampler.java;getClass;CWE470
jmeter-2.5.1/src/protocol/http/org/apache/jmeter/protocol/http/sampler/HTTPSamplerBase.java;readResponse;CWE90
jmeter-2.5.1/src/protocol/mail/org/apache/jmeter/protocol/smtp/sampler/protocol/SendMailCommand.java;prepareMessage;CWE22
jmeter-2.5.1/src/protocol/http/org/apache/jmeter/protocol/http/sampler/SoapSampler.java;writeRequest;CWE22
jmeter-2.5.1/src/protocol/http/org/apache/jmeter/protocol/http/control/HeaderManager.java;addFile;CWE22
jmeter-2.5.1/src/junit/org/apache/jmeter/protocol/java/sampler/JUnitSampler.java;sample;CWE470
jmeter-2.5.1/src/protocol/http/org/apache/jmeter/protocol/http/control/CookieManager.java;addFile;CWE22
jmeter-2.5.1/src/protocol/http/org/apache/jmeter/protocol/http/control/HeaderManager.java;save;CWE90
jmeter-2.5.1/src/functions/org/apache/jmeter/functions/StringFromFile.java;openFile;CWE22
jmeter-2.5.1/src/core/org/apache/jmeter/util/BeanShellClient.java;main;CWE79
jmeter-2.5.1/src/core/org/apache/jmeter/reporters/ResultCollector.java;sampleOccurred;CWE79
jmeter-2.5.1/src/core/org/apache/jmeter/util/BSFTestElement.java;evalFileOrScript;CWE22
jmeter-2.5.1/src/junit/org/apache/jmeter/protocol/java/sampler/JUnitSampler.java;sample;CWE470
jmeter-2.5.1/src/core/org/apache/jmeter/reporters/ResultCollector.java;writeFileStart;CWE90
jmeter-2.5.1/src/core/org/apache/jmeter/save/converters/SampleResultConverter.java;readFile;CWE22
jmeter-2.5.1/src/core/org/apache/jmeter/save/converters/SampleResultConverter.java;readFile;CWE79
jmeter-2.5.1/src/protocol/http/org/apache/jmeter/protocol/http/sampler/PutWriter.java;setHeaders;CWE90
jmeter-2.5.1/src/core/org/apache/jmeter/testbeans/TestBeanHelper.java;invokeOrBailOut;CWE470
jmeter-2.5.1/src/protocol/http/org/apache/jmeter/protocol/http/sampler/PostWriter.java;writeln;CWE90
jmeter-2.5.1/src/protocol/ftp/org/apache/jmeter/protocol/ftp/sampler/FTPSampler.java;sample;CWE22
jmeter-2.5.1/src/protocol/http/org/apache/jmeter/protocol/http/sampler/PostWriter.java;writeFormMultipart;CWE79
jmeter-2.5.1/src/protocol/http/org/apache/jmeter/protocol/http/sampler/PostWriter.java;writeFileToStream;CWE22
jmeter-2.5.1/src/protocol/http/org/apache/jmeter/protocol/http/control/HttpMirrorThread.java;run;CWE79
jmeter-2.5.1/src/protocol/ldap/org/apache/jmeter/protocol/ldap/sampler/LdapExtClient.java;searchTest;CWE90
jmeter-2.5.1/src/protocol/http/org/apache/jmeter/protocol/http/sampler/HTTPSamplerBase.java;fileSample;CWE22
jmeter-2.5.1/src/protocol/http/org/apache/jmeter/protocol/http/sampler/PostWriter.java;writeFileToStream;CWE90
jmeter-2.5.1/src/protocol/http/org/apache/jmeter/protocol/http/control/AuthManager.java;addFile;CWE22
jmeter-2.5.1/src/protocol/http/org/apache/jmeter/protocol/http/sampler/PostWriter.java;sendPostData;CWE79
jmeter-2.5.1/src/core/org/apache/jmeter/reporters/FileReporter.java;init;CWE22
jmeter-2.5.1/src/protocol/http/org/apache/jmeter/protocol/http/sampler/PostWriter.java;writeln;CWE79
jmeter-2.5.1/src/protocol/http/org/apache/jmeter/protocol/http/sampler/SoapSampler.java;writeRequest;CWE22
jmeter-2.5.1/src/core/org/apache/jmeter/reporters/ResultCollector.java;loadExistingFile;CWE22
jmeter-2.5.1/src/reports/org/apache/jmeter/gui/ReportGuiPackage.java;getGui;CWE470
jmeter-2.5.1/src/protocol/http/org/apache/jmeter/protocol/http/sampler/HTTPSamplerBase.java;readResponse;CWE90
jmeter-2.5.1/src/core/org/apache/jmeter/reporters/ResultCollector.java;sampleOccurred;CWE90
jmeter-2.5.1/src/core/org/apache/jmeter/gui/GuiPackage.java;getGui;CWE470
jmeter-2.5.1/src/core/org/apache/jmeter/testbeans/TestBeanHelper.java;unwrapCollection;CWE470
jmeter-2.5.1/src/protocol/ftp/org/apache/jmeter/protocol/ftp/sampler/FTPSampler.java;sample;CWE22
jmeter-2.5.1/src/core/org/apache/jmeter/reporters/ResultSaver.java;saveSample;CWE79
jmeter-2.5.1/src/core/org/apache/jmeter/save/converters/SampleResultConverter.java;readFile;CWE90
jmeter-2.5.1/src/components/org/apache/jmeter/assertions/SMIMEAssertion.java;verifySignature;CWE22
jmeter-2.5.1/src/protocol/ftp/org/apache/jmeter/protocol/ftp/sampler/FTPSampler.java;sample;CWE22
jmeter-2.5.1/src/reports/org/apache/jmeter/report/gui/action/ReportSave.java;doAction;CWE22
jmeter-2.5.1/src/junit/org/apache/jmeter/protocol/java/sampler/JUnitSampler.java;protect;CWE470
jmeter-2.5.1/src/core/org/apache/jmeter/reporters/ResultCollector.java;writeFileStart;CWE79
jmeter-2.5.1/src/reports/org/apache/jmeter/report/gui/action/ReportLoad.java;doAction;CWE22
jmeter-2.5.1/src/protocol/http/org/apache/jmeter/protocol/http/sampler/PostWriter.java;writeFormMultipart;CWE90
jmeter-2.5.1/src/core/org/apache/jmeter/reporters/ResultCollector.java;writeFileStart;CWE90
jmeter-2.5.1/src/protocol/http/org/apache/jmeter/protocol/http/sampler/AjpSampler.java;send;CWE79
jmeter-2.5.1/src/jorphan/org/apache/jorphan/reflect/Functor.java;doInvoke;CWE470
jmeter-2.5.1/src/reports/org/apache/jmeter/report/gui/tree/ReportTreeNode.java;getIcon;CWE470
jmeter-2.5.1/src/protocol/http/org/apache/jmeter/protocol/http/sampler/SoapSampler.java;writeRequest;CWE22
jmeter-2.5.1/src/core/org/apache/jmeter/reporters/ResultSaver.java;saveSample;CWE22
jmeter-2.5.1/src/protocol/http/org/apache/jmeter/protocol/http/sampler/AjpSampler.java;send;CWE90
jmeter-2.5.1/src/protocol/jms/org/apache/jmeter/protocol/jms/sampler/PublisherSampler.java;getMapContent;CWE470
jmeter-2.5.1/src/core/org/apache/jmeter/services/FileServer.java;createBufferedWriter;CWE22
jmeter-2.5.1/src/components/org/apache/jmeter/config/RandomVariableConfig.java;iterationStart;CWE330
jmeter-2.5.1/src/core/org/apache/jmeter/gui/SavePropertyDialog.java;dialogInit;CWE470
jmeter-2.5.1/src/protocol/http/org/apache/jmeter/protocol/http/sampler/PostWriter.java;sendPostData;CWE90
jmeter-2.5.1/src/protocol/http/org/apache/jmeter/protocol/http/sampler/PostWriter.java;writeFileToStream;CWE79
jmeter-2.5.1/src/core/org/apache/jmeter/gui/tree/JMeterTreeNode.java;getIcon;CWE470
jmeter-2.5.1/src/core/org/apache/jmeter/gui/action/Load.java;loadProjectFile;CWE22
jmeter-2.5.1/src/protocol/http/org/apache/jmeter/protocol/http/control/CookieManager.java;save;CWE79
jmeter-2.5.1/src/protocol/http/org/apache/jmeter/protocol/http/control/HttpMirrorThread.java;run;CWE79
jmeter-2.5.1/src/protocol/java/org/apache/jmeter/protocol/java/sampler/JavaSampler.java;createJavaClient;CWE470
jmeter-2.5.1/src/components/org/apache/jmeter/control/IncludeController.java;loadIncludedElements;CWE22
jmeter-2.5.1/src/functions/org/apache/jmeter/functions/FileToString.java;execute;CWE22
jmeter-2.5.1/src/protocol/ldap/org/apache/jmeter/protocol/ldap/sampler/LdapClient.java;searchTest;CWE90
jmeter-2.5.1/src/junit/org/apache/jmeter/protocol/java/sampler/JUnitSampler.java;getClassInstance;CWE470
jmeter-2.5.1/src/protocol/http/org/apache/jmeter/protocol/http/control/HttpMirrorThread.java;run;CWE79
jmeter-2.5.1/src/components/org/apache/jmeter/timers/RandomTimer.java;<org.apache.jmeter.timers.RandomTimer>;CWE330
jmeter-2.5.1/src/protocol/http/org/apache/jmeter/protocol/http/control/HttpMirrorThread.java;run;CWE79
jmeter-2.5.1/src/protocol/http/org/apache/jmeter/protocol/http/sampler/WebServiceSampler.java;openDocument;CWE22
jmeter-2.5.1/src/core/org/apache/jmeter/reporters/ResultCollector.java;writeFileStart;CWE79
jmeter-2.5.1/src/protocol/http/org/apache/jmeter/protocol/http/control/HeaderManager.java;save;CWE79
jmeter-2.5.1/src/core/org/apache/jmeter/save/converters/SampleResultConverter.java;readFile;CWE22
jmeter-2.5.1/src/protocol/http/org/apache/jmeter/protocol/http/control/HttpMirrorThread.java;run;CWE79
jmeter-2.5.1/src/protocol/http/org/apache/jmeter/protocol/http/sampler/PostWriter.java;write;CWE79
jmeter-2.5.1/src/protocol/http/org/apache/jmeter/protocol/http/sampler/PutWriter.java;setHeaders;CWE79
jmeter-2.5.1/src/core/org/apache/jmeter/gui/tree/JMeterTreeNode.java;getIcon;CWE470
jmeter-2.5.1/src/components/org/apache/jmeter/assertions/HTMLAssertion.java;getResult;CWE79
jmeter-2.5.1/src/protocol/http/org/apache/jmeter/protocol/http/sampler/PostWriter.java;sendPostData;CWE90
jmeter-2.5.1/src/protocol/http/org/apache/jmeter/protocol/http/control/HttpMirrorThread.java;run;CWE79
jmeter-2.5.1/src/core/org/apache/jmeter/testbeans/TestBeanHelper.java;invokeOrBailOut;CWE470
jmeter-2.5.1/src/protocol/http/org/apache/jmeter/protocol/http/proxy/Proxy.java;writeToClient;CWE90
jmeter-2.5.1/src/protocol/http/org/apache/jmeter/protocol/http/sampler/PostWriter.java;setHeaders;CWE90
jmeter-2.5.1/src/components/org/apache/jmeter/control/RandomOrderController.java;reorder;CWE330
jmeter-2.5.1/src/core/org/apache/jmeter/gui/GuiPackage.java;getGui;CWE470
jmeter-2.5.1/src/core/org/apache/jmeter/save/CSVSaveService.java;processSamples;CWE22
joggplayer-1.1.4/src/ca/bc/webarts/tools/JOrbisComment.java;write;CWE90
joggplayer-1.1.4/src/ca/bc/webarts/tools/AutoUpdateApp.java;updateAppFromServer;CWE22
joggplayer-1.1.4/src/ca/bc/webarts/tools/JOrbisComment.java;write;CWE90
joggplayer-1.1.4/src/ca/bc/webarts/tools/JOrbisComment.java;write;CWE90
joggplayer-1.1.4/src/ca/bc/webarts/tools/JOrbisComment.java;write;CWE90
joggplayer-1.1.4/src/ca/bc/webarts/tools/JOrbisComment.java;write;CWE90
joggplayer-1.1.4/src/ca/bc/webarts/tools/JOrbisComment.java;write;CWE90
joggplayer-1.1.4/src/ca/bc/webarts/tools/JOrbisComment.java;write;CWE90
joggplayer-1.1.4/src/ca/bc/webarts/widgets/JCheckDropDown.java;getRandomCheckedItemNum;CWE330
joggplayer-1.1.4/src/com/jcraft/jorbis/DecodeExample.java;main;CWE90
joggplayer-1.1.4/src/ca/bc/webarts/tools/JOrbisComment.java;write;CWE90
joggplayer-1.1.4/src/org/jconfig/ConfigurationPropertiesHandler.java;loadProperties;CWE22
joggplayer-1.1.4/src/ca/bc/webarts/tools/JOrbisComment.java;write;CWE22
joggplayer-1.1.4/src/ca/bc/webarts/tools/JOrbisComment.java;write;CWE90
joggplayer-1.1.4/src/ca/bc/webarts/tools/JOrbisComment.java;readInFile;CWE22
joggplayer-1.1.4/src/ca/bc/webarts/tools/JOrbisComment.java;write;CWE90
joggplayer-1.1.4/src/ca/bc/webarts/tools/AutoUpdateApp.java;updateAppFromServer;CWE90
jruby-1.7.3/src/org/jruby/runtime/marshal/MarshalStream.java;writeObjectData;CWE79
jruby-1.7.3/src/org/jruby/runtime/marshal/MarshalStream.java;dumpObject;CWE79
jruby-1.7.3/src/org/jruby/RubyHash.java;marshalTo;CWE79
jruby-1.7.3/src/org/jruby/ext/openssl/Random.java;createRandom;CWE330
jruby-1.7.3/src/org/jruby/runtime/marshal/MarshalStream.java;writeInt;CWE79
jruby-1.7.3/src/org/jruby/runtime/marshal/MarshalStream.java;writeInt;CWE79
jruby-1.7.3/src/org/jruby/ext/zlib/JZlibRubyGzipWriter.java;putc;CWE79
jruby-1.7.3/src/org/jruby/runtime/marshal/MarshalStream.java;dumpVariablesShared;CWE79
jruby-1.7.3/src/org/jruby/Ruby.java;<org.jruby.Ruby>;CWE330
jruby-1.7.3/src/org/jruby/RubyRegexp.java;marshalTo;CWE79
jruby-1.7.3/src/org/jruby/java/proxies/ArrayJavaProxy.java;getRange;CWE470
jruby-1.7.3/src/org/jruby/runtime/marshal/MarshalCache.java;writeSymbolLink;CWE79
jruby-1.7.3/src/org/jruby/runtime/marshal/MarshalStream.java;writeString;CWE79
jruby-1.7.3/src/org/jruby/runtime/marshal/MarshalStream.java;userCommon;CWE79
jruby-1.7.3/src/org/jruby/embed/osgi/utils/OSGiFileLocator.java;getFileURL;CWE470
jruby-1.7.3/src/org/jruby/ext/openssl/BN.java;getRandom;CWE330
jruby-1.7.3/src/org/jruby/ext/zlib/JZlibRubyGzipWriter.java;write;CWE79
jruby-1.7.3/src/org/jruby/runtime/marshal/MarshalStream.java;dumpVariables;CWE79
jruby-1.7.3/src/org/jruby/runtime/marshal/MarshalCache.java;writeLink;CWE79
jruby-1.7.3/src/org/jruby/runtime/marshal/MarshalStream.java;writeInt;CWE79
jruby-1.7.3/src/org/jruby/runtime/marshal/MarshalStream.java;writeString;CWE79
jruby-1.7.3/src/org/jruby/embed/osgi/utils/OSGiFileLocator.java;getLocalURL;CWE470
jruby-1.7.3/src/org/jruby/RubyClass.java;dump;CWE79
jruby-1.7.3/src/org/jruby/java/proxies/JavaProxy.java;new_array;CWE470
jruby-1.7.3/src/org/jruby/RubyClass.java;dump;CWE79
jruby-1.7.3/src/org/jruby/ext/openssl/x509store/PEMInputOutput.java;writeX509Aux;CWE79
jruby-1.7.3/src/org/jruby/embed/osgi/utils/OSGiFileLocator.java;getFileURL;CWE470
jruby-1.7.3/src/org/jruby/embed/osgi/utils/OSGiFileLocator.java;getLocalURL;CWE470
jruby-1.7.3/src/org/jruby/runtime/marshal/MarshalStream.java;writeObjectData;CWE90
jruby-1.7.3/src/org/jruby/runtime/marshal/MarshalStream.java;writeInt;CWE79
jruby-1.7.3/src/org/jruby/runtime/marshal/MarshalStream.java;writeObjectData;CWE79
jruby-1.7.3/src/org/jruby/runtime/marshal/MarshalStream.java;writeEncoding;CWE79
jruby-1.7.3/src/org/jruby/runtime/marshal/MarshalStream.java;dumpVariablesWithEncoding;CWE79
log4j-2.0-beta/core/src/main/java/org/apache/logging/log4j/core/appender/rolling/helper/GZCompressAction.java;execute;CWE79
log4j-2.0-beta/core/src/main/java/org/apache/logging/log4j/core/appender/rolling/helper/ZipCompressAction.java;execute;CWE79
marauroa-3.8.1/src/marauroa/server/db/command/ResultHandle.java;<marauroa.server.db.command.ResultHandle>;CWE330
marauroa-3.8.1/src/marauroa/server/game/db/AccountDAO.java;generatePlayer;CWE330
marauroa-3.8.1/src/marauroa/server/game/container/PlayerEntryContainer.java;<marauroa.server.game.container.PlayerEntryContainer>;CWE330
maven-3.0.5/maven-core/src/main/java/org/apache/maven/classrealm/DefaultClassRealmManager.java;newRealm;CWE330
megamek-0.35.18/src/megamek/client/ui/swing/HexTileset.java;<megamek.client.ui.swing.HexTileset.HexEntry>;CWE330
megamek-0.35.18/src/megamek/common/MMRandom.java;<megamek.common.MMRandom.CryptoRandom>;CWE330
megamek-0.35.18/src/megamek/client/ui/AWT/HexTileset.java;<megamek.client.ui.AWT.HexTileset.HexEntry>;CWE330
megamek-0.35.18/src/megamek/common/net/marshall/NativeSerializationMarshaller.java;marshall;CWE79
megamek-0.35.18/src/megamek/server/commands/ExportListCommand.java;exportList;CWE79
megamek-0.35.18/src/megamek/client/bot/ga/GA.java;getRandom;CWE330
megamek-0.35.18/src/megamek/client/bot/ga/GA.java;getRandom;CWE330
megamek-0.35.18/src/megamek/client/Client.java;handlePacket;CWE79
myfaces_core-2.1.10/src/myfaces-impl-shared-2.1.10-sources/org/apache/myfaces/shared/util/ClassUtils.java;classForName;CWE470
myfaces_core-2.1.10/src/myfaces-impl-2.1.10-sources/org/apache/myfaces/context/servlet/ServletExternalContextImpl.java;addResponseCookie;CWE1004
myfaces_core-2.1.10/src/myfaces-impl-shared-2.1.10-sources/org/apache/myfaces/shared/util/ClassUtils.java;classForName;CWE470
myfaces_core-2.1.10/src/myfaces-impl-2.1.10-sources/org/apache/myfaces/application/viewstate/RandomKeyFactory.java;<org.apache.myfaces.application.viewstate.RandomKeyFactory>;CWE330
myfaces_core-2.1.10/src/myfaces-impl-2.1.10-sources/org/apache/myfaces/context/servlet/ServletExternalContextImpl.java;addResponseCookie;CWE1004
myfaces_core-2.1.10/src/myfaces-impl-2.1.10-sources/org/apache/myfaces/shared/util/ClassUtils.java;classForName;CWE470
myfaces_core-2.1.10/src/myfaces-impl-2.1.10-sources/org/apache/myfaces/shared/util/ClassUtils.java;classForName;CWE470
myfaces_core-2.1.10/src/myfaces-impl-2.1.10-sources/org/apache/myfaces/application/viewstate/RandomKeyFactory.java;<org.apache.myfaces.application.viewstate.RandomKeyFactory>;CWE330
nekohtml-1.9.14/src/sample/Script.java;endElement;CWE79
nekohtml-1.9.14/src/sample/Script.java;endElement;CWE79
nekohtml-1.9.14/src/sample/Script.java;endElement;CWE79
javacc-5.0/src/org/javacc/utils/JavaFileGenerator.java;write;CWE79
javacc-5.0/src/org/javacc/parser/LexGen.java;PrintClassHead;CWE79
javacc-5.0/src/org/javacc/parser/ParseGen.java;start;CWE79
javacc-5.0/src/org/javacc/jjtree/IO.java;println;CWE79
javacc-5.0/src/org/javacc/parser/OutputFile.java;<org.javacc.parser.OutputFile>;CWE79
javacc-5.0/src/org/javacc/parser/OtherFilesGen.java;start;CWE79
jasperreports-3.7.4/src/net/sf/jasperreports/engine/util/JRClassLoader.java;loadClass;CWE79
jasperreports-3.7.4/src/net/sf/jasperreports/engine/util/JRLoader.java;loadBytes;CWE79
jasperreports-3.7.4/src/net/sf/jasperreports/engine/convert/ConvertChartContext.java;createTimePeriodDataset;CWE330
jasperreports-3.7.4/src/net/sf/jasperreports/engine/export/JRXhtmlExporter.java;exportReport;CWE22
jasperreports-3.7.4/src/net/sf/jasperreports/engine/convert/ConvertChartContext.java;createTimePeriodDataset;CWE330
jasperreports-3.7.4/src/net/sf/jasperreports/engine/util/FileBufferedOutputStream.java;writeData;CWE79
jasperreports-3.7.4/src/net/sf/jasperreports/engine/convert/ConvertChartContext.java;createTimePeriodDataset;CWE330
jasperreports-3.7.4/src/net/sf/jasperreports/engine/JRAbstractRenderer.java;<net.sf.jasperreports.engine.JRAbstractRenderer>;CWE330
jasperreports-3.7.4/src/net/sf/jasperreports/engine/export/JRXhtmlExporter.java;exportReport;CWE22
jasperreports-3.7.4/src/net/sf/jasperreports/engine/export/JRHtmlExporter.java;exportReport;CWE90
jasperreports-3.7.4/src/net/sf/jasperreports/engine/export/JRHtmlExporter.java;exportReport;CWE22
jasperreports-3.7.4/src/net/sf/jasperreports/engine/export/JRXhtmlExporter.java;exportReport;CWE90
jasperreports-3.7.4/src/net/sf/jasperreports/engine/convert/ConvertChartContext.java;createTimePeriodDataset;CWE330
jasperreports-3.7.4/src/net/sf/jasperreports/engine/export/JRHtmlExporter.java;exportReport;CWE22
htmlunit-2.8/src/main/java/com/gargoylesoftware/htmlunit/html/DomElement.java;printOpeningTagContentAsXml;CWE90
htmlunit-2.8/src/main/java/com/gargoylesoftware/htmlunit/javascript/host/ActiveXObjectImpl.java;<com.gargoylesoftware.htmlunit.javascript.host.ActiveXObjectImpl>;CWE470
htmlunit-2.8/src/main/java/com/gargoylesoftware/htmlunit/html/XmlSerializer.java;save;CWE22
htmlunit-2.8/src/main/java/com/gargoylesoftware/htmlunit/html/DomCDataSection.java;printXml;CWE90
htmlunit-2.8/src/main/java/com/gargoylesoftware/htmlunit/html/DomElement.java;printOpeningTagContentAsXml;CWE90
htmlunit-2.8/src/main/java/com/gargoylesoftware/htmlunit/html/DomComment.java;printXml;CWE90
htmlunit-2.8/src/main/java/com/gargoylesoftware/htmlunit/html/DomText.java;printXml;CWE90
htmlunit-2.8/src/main/java/com/gargoylesoftware/htmlunit/javascript/host/html/HTMLAppletElement.java;call;CWE470
htmlunit-2.8/src/main/java/com/gargoylesoftware/htmlunit/util/DebuggingWebConnection.java;saveResponse;CWE22
htmlunit-2.8/src/main/java/com/gargoylesoftware/htmlunit/HttpWebConnection.java;makeHttpMethod;CWE330
htmlunit-2.8/src/main/java/com/gargoylesoftware/htmlunit/html/applets/AppletClassLoader.java;readClassesFromJar;CWE22
htmlunit-2.8/src/main/java/com/gargoylesoftware/htmlunit/ScriptException.java;createPrintableStackTrace;CWE90
htmlunit-2.8/src/main/java/com/gargoylesoftware/htmlunit/UrlFetchWebConnection.java;getResponse;CWE22
htmlunit-2.8/src/main/java/com/gargoylesoftware/htmlunit/HttpWebConnection.java;fixBugContentType;CWE470
htmlunit-2.8/src/main/java/com/gargoylesoftware/htmlunit/html/XmlSerializer.java;getAttributesFor;CWE22
htmlunit-2.8/src/main/java/com/gargoylesoftware/htmlunit/html/HtmlScript.java;printChildrenAsXml;CWE90
htmlunit-2.8/src/main/java/com/gargoylesoftware/htmlunit/html/HtmlSubmitInput.java;printOpeningTagContentAsXml;CWE90
htmlunit-2.8/src/main/java/com/gargoylesoftware/htmlunit/ScriptException.java;createPrintableStackTrace;CWE79
htmlunit-2.8/src/main/java/com/gargoylesoftware/htmlunit/ScriptException.java;createPrintableStackTrace;CWE90
htmlunit-2.8/src/main/java/com/gargoylesoftware/htmlunit/UrlFetchWebConnection.java;getResponse;CWE90
htmlunit-2.8/src/main/java/com/gargoylesoftware/htmlunit/WebClient.java;guessContentType;CWE22
htmlunit-2.8/src/main/java/com/gargoylesoftware/htmlunit/html/XmlSerializer.java;getAttributesFor;CWE22
castor-1.3.3/xmlctf-framework/src/main/java/org/castor/xmlctf/RandomHelper.java;setSeed;CWE330
JGroups/src/org/jgroups/blocks/ReplCache.java;objectToByteBuffer;CWE79
jgroups-2.10.0/src/org/jgroups/View.java;writeTo;CWE90
jgroups-2.10.0/src/org/jgroups/protocols/UNICAST2.java;writeTo;CWE90
jgroups-2.10.0/src/org/jgroups/demos/TotalOrder.java;createRandomRequest;CWE330
jgroups-2.10.0/src/org/jgroups/util/Util.java;writeGenericStreamable;CWE79
jgroups-2.10.0/src/org/jgroups/ViewId.java;writeTo;CWE90
jgroups-2.10.0/src/org/jgroups/util/Util.java;writeView;CWE90
jgroups-2.10.0/src/org/jgroups/protocols/pbcast/STREAMING_STATE_TRANSFER.java;connectToStateProvider;CWE79
jgroups-2.10.0/src/org/jgroups/util/Util.java;writeAddress;CWE79
jgroups-2.10.0/src/org/jgroups/conf/PropertyHelper.java;getConvertedValue;CWE470
jgroups-2.10.0/src/org/jgroups/Message.java;writeToNoAddrs;CWE90
jgroups-2.10.0/src/org/jgroups/protocols/FD_SOCK.java;writeTo;CWE90
jgroups-2.10.0/src/org/jgroups/util/Util.java;writeAddress;CWE90
jgroups-2.10.0/src/org/jgroups/util/Util.java;writeAddresses;CWE90
jgroups-2.10.0/src/org/jgroups/util/Util.java;writeAddresses;CWE79
jgroups-2.10.0/src/org/jgroups/protocols/pbcast/STREAMING_STATE_TRANSFER.java;connectToStateProvider;CWE79
jgroups-2.10.0/src/org/jgroups/Message.java;writeTo;CWE90
jgroups-2.10.0/src/org/jgroups/util/Digest.java;writeTo;CWE90
jgroups-2.10.0/src/org/jgroups/protocols/COMPRESS.java;writeTo;CWE79
jgroups-2.10.0/src/org/jgroups/protocols/UNICAST2.java;writeTo;CWE79
jgroups-2.10.0/src/org/jgroups/protocols/UNICAST2.java;writeTo;CWE79
jgroups-2.10.0/src/org/jgroups/Message.java;writeToNoAddrs;CWE79
jgroups-2.10.0/src/org/jgroups/protocols/PingData.java;writeTo;CWE79
jgroups-2.10.0/src/org/jgroups/util/Digest.java;writeTo;CWE90
jgroups-2.10.0/src/org/jgroups/util/Digest.java;writeTo;CWE79
jgroups-2.10.0/src/org/jgroups/Message.java;writeToNoAddrs;CWE79
jgroups-2.10.0/src/org/jgroups/protocols/S3_PING.java;createBucket;CWE90
jgroups-2.10.0/src/org/jgroups/Message.java;writeTo;CWE90
jgroups-2.10.0/src/org/jgroups/Message.java;writeToNoAddrs;CWE79
jgroups-2.10.0/src/org/jgroups/protocols/FragHeader.java;writeTo;CWE79
jgroups-2.10.0/src/org/jgroups/util/Util.java;writeString;CWE90
jgroups-2.10.0/src/org/jgroups/util/Util.java;writeAddress;CWE79
jgroups-2.10.0/src/org/jgroups/Message.java;writeToNoAddrs;CWE90
jgroups-2.10.0/src/org/jgroups/View.java;writeTo;CWE90
jgroups-2.10.0/src/org/jgroups/util/UUID.java;writeTo;CWE79
jgroups-2.10.0/src/org/jgroups/util/Util.java;writeView;CWE79
jgroups-2.10.0/src/org/jgroups/util/Util.java;sleepRandom;CWE330
jgroups-2.10.0/src/org/jgroups/Message.java;writeTo;CWE90
jgroups-2.10.0/src/org/jgroups/protocols/pbcast/STREAMING_STATE_TRANSFER.java;connectToStateProvider;CWE90
jgroups-2.10.0/src/org/jgroups/protocols/S3_PING.java;putBucketRequestPayment;CWE90
jgroups-2.10.0/src/org/jgroups/protocols/TP.java;writeMessage;CWE79
jgroups-2.10.0/src/org/jgroups/protocols/UNICAST2.java;writeTo;CWE79
jgroups-2.10.0/src/org/jgroups/protocols/TpHeader.java;writeTo;CWE79
jgroups-2.10.0/src/org/jgroups/util/Util.java;writeString;CWE79
jgroups-2.10.0/src/org/jgroups/MergeView.java;writeTo;CWE90
jgroups-2.10.0/src/org/jgroups/util/Util.java;writeAddresses;CWE90
jgroups-2.10.0/src/org/jgroups/stack/GossipData.java;writeTo;CWE79
jgroups-2.10.0/src/org/jgroups/util/Util.java;objectToStream;CWE79
jgroups-2.10.0/src/org/jgroups/util/Digest.java;writeTo;CWE90
jgroups-2.10.0/src/org/jgroups/demos/TotalOrder.java;createRandomRequest;CWE330
jgroups-2.10.0/src/org/jgroups/util/Util.java;writeByteBuffer;CWE79
jgroups-2.10.0/src/org/jgroups/util/Util.java;writeView;CWE79
jgroups-2.10.0/src/org/jgroups/Message.java;writeTo;CWE79
jgroups-2.10.0/src/org/jgroups/protocols/DELAY.java;computeDelay;CWE330
jgroups-2.10.0/src/org/jgroups/util/Util.java;objectToStream;CWE79
jgroups-2.10.0/src/org/jgroups/util/Util.java;objectToByteBuffer;CWE90
jgroups-2.10.0/src/org/jgroups/protocols/pbcast/GMS.java;_startFlush;CWE470
jgroups-2.10.0/src/org/jgroups/protocols/S3_PING.java;slurpInputStream;CWE90
jgroups-2.10.0/src/org/jgroups/util/Util.java;pickSubset;CWE330
jgroups-2.10.0/src/org/jgroups/util/Util.java;writeByteBuffer;CWE79
jgroups-2.10.0/src/org/jgroups/util/Util.java;writeOtherAddress;CWE90
jgroups-2.10.0/src/org/jgroups/ViewId.java;writeTo;CWE79
jgroups-2.10.0/src/org/jgroups/protocols/UNICAST.java;writeTo;CWE90
jgroups-2.10.0/src/org/jgroups/util/Util.java;writeGenericStreamable;CWE79
jgroups-2.10.0/src/org/jgroups/Message.java;writeTo;CWE79
jgroups-2.10.0/src/org/jgroups/demos/wb/GraphPanel.java;start;CWE330
jgroups-2.10.0/src/org/jgroups/Message.java;writeToNoAddrs;CWE79
jgroups-2.10.0/src/org/jgroups/util/Digest.java;writeTo;CWE79
jgroups-2.10.0/src/org/jgroups/stack/IpAddress.java;writeTo;CWE79
jgroups-2.10.0/src/org/jgroups/Message.java;writeToNoAddrs;CWE90
jgroups-2.10.0/src/org/jgroups/util/Util.java;writeAddresses;CWE79
jgroups-2.10.0/src/org/jgroups/util/Digest.java;writeTo;CWE79
jgroups-2.10.0/src/org/jgroups/util/Util.java;objectToStream;CWE79
jgroups-2.10.0/src/org/jgroups/protocols/DISCARD.java;writeTo;CWE79
jgroups-2.10.0/src/org/jgroups/protocols/FragHeader.java;writeTo;CWE90
jgroups-2.10.0/src/org/jgroups/util/Digest.java;writeTo;CWE79
jgroups-2.10.0/src/org/jgroups/protocols/PingData.java;writeTo;CWE90
jgroups-2.10.0/src/org/jgroups/Message.java;writeTo;CWE90
jgroups-2.10.0/src/org/jgroups/util/Util.java;objectToStream;CWE79
jgroups-2.10.0/src/org/jgroups/protocols/pbcast/FLUSH.java;writeTo;CWE79
jgroups-2.10.0/src/org/jgroups/util/Util.java;writeString;CWE79
jgroups-2.10.0/src/org/jgroups/util/Util.java;objectToStream;CWE79
jgroups-2.10.0/src/org/jgroups/protocols/FD_SOCK.java;writeTo;CWE79
jgroups-2.10.0/src/org/jgroups/util/Util.java;writeView;CWE90
jgroups-2.10.0/src/org/jgroups/protocols/TpHeader.java;writeTo;CWE90
jgroups-2.10.0/src/org/jgroups/protocols/UNICAST.java;writeTo;CWE79
jgroups-2.10.0/src/org/jgroups/protocols/TP.java;writeMessage;CWE79
jgroups-2.10.0/src/org/jgroups/demos/TotalTokenDemo.java;run;CWE330
jgroups-2.10.0/src/org/jgroups/protocols/FILE_PING.java;writeToFile;CWE22
jgroups-2.10.0/src/org/jgroups/Message.java;writeTo;CWE79
jgroups-2.10.0/src/org/jgroups/util/Util.java;pickRandomElement;CWE330
jgroups-2.10.0/src/org/jgroups/util/Digest.java;writeTo;CWE79
jgroups-2.10.0/src/org/jgroups/demos/TotalOrder.java;createRandomRequest;CWE330
jgroups-2.10.0/src/org/jgroups/View.java;writeTo;CWE90
jgroups-2.10.0/src/org/jgroups/MergeView.java;writeTo;CWE79
jgroups-2.10.0/src/org/jgroups/protocols/DISCARD.java;down;CWE330
jgroups-2.10.0/src/org/jgroups/protocols/VIEW_SYNC.java;writeTo;CWE90
jgroups-2.10.0/src/org/jgroups/demos/TotalOrder.java;createRandomRequest;CWE330
jgroups-2.10.0/src/org/jgroups/util/Util.java;writeString;CWE90
jgroups-2.10.0/src/org/jgroups/demos/Draw.java;writeState;CWE79
jgroups-2.10.0/src/org/jgroups/util/Util.java;writeView;CWE90
jgroups-2.10.0/src/org/jgroups/util/Util.java;objectToStream;CWE79
jgroups-2.10.0/src/org/jgroups/util/Util.java;writeString;CWE79
jgroups-2.10.0/src/org/jgroups/protocols/FD_SIMPLE.java;getHeartbeatDest;CWE330
jgroups-2.10.0/src/org/jgroups/protocols/S3_PING.java;put;CWE90
jgroups-2.10.0/src/org/jgroups/demos/Draw.java;writeState;CWE79
jgroups-2.10.0/src/org/jgroups/Message.java;writeTo;CWE90
jgroups-2.10.0/src/org/jgroups/protocols/UNICAST2.java;writeTo;CWE90
jgroups-2.10.0/src/org/jgroups/protocols/pbcast/GMS.java;writeTo;CWE90
jgroups-2.10.0/src/org/jgroups/View.java;writeTo;CWE90
jgroups-2.10.0/src/org/jgroups/util/Util.java;writeView;CWE79
jgroups-2.10.0/src/org/jgroups/Message.java;writeToNoAddrs;CWE90
jgroups-2.10.0/src/org/jgroups/util/Range.java;writeTo;CWE90
jgroups-2.10.0/src/org/jgroups/util/Util.java;pickRandomElement;CWE330
jgroups-2.10.0/src/org/jgroups/stack/IpAddress.java;writeTo;CWE79
jgroups-2.10.0/src/org/jgroups/protocols/SMACK.java;writeTo;CWE79
jgroups-2.10.0/src/org/jgroups/protocols/pbcast/STABLE.java;getRandom;CWE330
jgroups-2.10.0/src/org/jgroups/protocols/FD_SOCK.java;writeTo;CWE90
jgroups-2.10.0/src/org/jgroups/protocols/VIEW_SYNC.java;getRandom;CWE330
jgroups-2.10.0/src/org/jgroups/protocols/FD_PING.java;execute;CWE78
jgroups-2.10.0/src/org/jgroups/protocols/VIEW_SYNC.java;writeTo;CWE79
jgroups-2.10.0/src/org/jgroups/protocols/DISCARD.java;up;CWE330
jgroups-2.10.0/src/org/jgroups/demos/wb/GraphPanel.java;start;CWE330
jgroups-2.10.0/src/org/jgroups/protocols/UNICAST.java;writeTo;CWE79
jgroups-2.10.0/src/org/jgroups/util/Util.java;objectToStream;CWE79
jgroups-2.10.0/src/org/jgroups/Message.java;writeTo;CWE79
jgroups-2.10.0/src/org/jgroups/conf/PropertyHelper.java;getConvertedValue;CWE470
jgroups-2.10.0/src/org/jgroups/util/Util.java;objectToByteBuffer;CWE79
jgroups-2.10.0/src/org/jgroups/util/Digest.java;writeTo;CWE90
jgroups-2.10.0/src/org/jgroups/util/Util.java;writeAddress;CWE90
jgroups-2.10.0/src/org/jgroups/util/Util.java;objectToStream;CWE79
jgroups-2.10.0/src/org/jgroups/util/Util.java;sleepRandom;CWE330
jgroups-2.10.0/src/org/jgroups/util/Util.java;writeByteBuffer;CWE79
jgroups-2.10.0/src/org/jgroups/util/Range.java;writeTo;CWE79
jgroups-2.10.0/src/org/jgroups/util/UUID.java;writeTo;CWE79
jgroups-2.10.0/src/org/jgroups/util/Util.java;objectToStream;CWE79
jgroups-2.10.0/src/org/jgroups/util/Util.java;writeString;CWE90
jgroups-2.10.0/src/org/jgroups/blocks/PartitionedHashMap.java;objectToByteBuffer;CWE79
jgroups-2.10.0/src/org/jgroups/stack/GossipRouter.java;readLoop;CWE90
jgroups-2.10.0/src/org/jgroups/protocols/pbcast/FLUSH.java;writeTo;CWE90
jgroups-2.10.0/src/org/jgroups/util/Util.java;writeByteBuffer;CWE79
jgroups-2.10.0/src/org/jgroups/util/Util.java;objectToStream;CWE79
jgroups-2.10.0/src/org/jgroups/util/Digest.java;writeTo;CWE79
jgroups-2.10.0/src/org/jgroups/util/Util.java;objectToStream;CWE79
jgroups-2.10.0/src/org/jgroups/Message.java;writeTo;CWE79
jgroups-2.10.0/src/org/jgroups/Message.java;writeHeader;CWE79
jgroups-2.10.0/src/org/jgroups/View.java;writeTo;CWE90
jgroups-2.10.0/src/org/jgroups/stack/GossipRouter.java;readLoop;CWE79
jgroups-2.10.0/src/org/jgroups/protocols/FD_SOCK.java;writeTo;CWE79
jgroups-2.10.0/src/org/jgroups/Message.java;writeToNoAddrs;CWE90
jgroups-2.10.0/src/org/jgroups/demos/Draw.java;writeState;CWE79
jgroups-2.10.0/src/org/jgroups/protocols/pbcast/STREAMING_STATE_TRANSFER.java;connectToStateProvider;CWE90
jgroups-2.10.0/src/org/jgroups/util/Util.java;random;CWE330
jgroups-2.10.0/src/org/jgroups/demos/CausalDemo.java;run;CWE330
jgroups-2.10.0/src/org/jgroups/util/Util.java;objectToStream;CWE79
jgroups-2.10.0/src/org/jgroups/demos/Draw.java;writeState;CWE79
jgroups-2.10.0/src/org/jgroups/Message.java;writeToNoAddrs;CWE79
jgroups-2.10.0/src/org/jgroups/util/Util.java;writeOtherAddress;CWE79
jgroups-2.10.0/src/org/jgroups/stack/IpAddress.java;writeTo;CWE79
jgroups-2.10.0/src/org/jgroups/protocols/S3_PING.java;putBucketLogging;CWE90
jgroups-2.10.0/src/org/jgroups/util/Util.java;objectToStream;CWE79
jgroups-2.10.0/src/org/jgroups/protocols/FILE_PING.java;readFile;CWE22
jgroups-2.10.0/src/org/jgroups/protocols/FD_ICMP.java;run;CWE470
jgroups-2.10.0/src/org/jgroups/util/Digest.java;writeTo;CWE79
jgroups-2.10.0/src/org/jgroups/protocols/UNICAST.java;writeTo;CWE79
jgroups-2.10.0/src/org/jgroups/protocols/pbcast/GMS.java;writeTo;CWE79
jgroups-2.10.0/src/org/jgroups/protocols/S3_PING.java;putACL;CWE90
jgroups-2.10.0/src/org/jgroups/util/Util.java;writeGenericStreamable;CWE90
oscache-2.3/src/webapp/WEB-INF/classes/com/opensymphony/oscache/web/OscacheServlet.java;doGet;CWE90
oscache-2.3/src/java/com/opensymphony/oscache/base/algorithm/AbstractConcurrentReadCache.java;writeObject;CWE90
oscache-2.3/src/java/com/opensymphony/oscache/base/algorithm/AbstractConcurrentReadCache.java;writeObject;CWE90
oscache-2.3/src/java/com/opensymphony/oscache/base/algorithm/AbstractConcurrentReadCache.java;writeObject;CWE90
pmd-4.2.5/src/net/sourceforge/pmd/stat/DataPoint.java;<net.sourceforge.pmd.stat.DataPoint>;CWE330
pmd-4.2.5/src/net/sourceforge/pmd/cpd/GUI.java;actionPerformed;CWE79
pmd-4.2.5/src/net/sourceforge/pmd/renderers/PapariTextRenderer.java;getReader;CWE22
poi-3.6/src/testcases/org/apache/poi/hssf/usermodel/TestHSSFDataFormatter.java;testSetDefaultNumberFormat;CWE330
poi-3.6/src/scratchpad/src/org/apache/poi/hwpf/model/ListData.java;resetListID;CWE330
poi-3.6/src/examples/src/org/apache/poi/hssf/usermodel/examples/OfficeDrawing.java;loadPicture;CWE79
poi-3.6/src/scratchpad/testcases/org/apache/poi/hwpf/model/TestPlexOfCps.java;testWriteRead;CWE330
poi-3.6/src/testcases/org/apache/poi/hpsf/basic/TestMetaDataIPI.java;strangize;CWE330
poi-3.6/src/testcases/org/apache/poi/hssf/record/formula/function/ExcelFileFormatDocFunctionExtractor.java;downloadSourceFile;CWE90
poi-3.6/src/testcases/org/apache/poi/hssf/record/TestSSTRecord.java;concatHexDumps;CWE79
poi-3.6/src/testcases/org/apache/poi/hpsf/basic/TestMetaDataIPI.java;strangizeU;CWE330
poi-3.6/src/java/org/apache/poi/hssf/record/formula/functions/NumericFunction.java;evaluate;CWE330
poi-3.6/src/scratchpad/src/org/apache/poi/hwpf/usermodel/HWPFList.java;<org.apache.poi.hwpf.usermodel.HWPFList>;CWE330
poi-3.6/src/java/org/apache/poi/hssf/record/formula/functions/NumericFunction.java;evaluate;CWE330
poi-3.6/src/scratchpad/testcases/org/apache/poi/hslf/usermodel/TestRichTextRun.java;assertMatchesFileC;CWE79
poi-3.6/src/examples/src/org/apache/poi/hssf/usermodel/examples/AddDimensionedImage.java;imageToBytes;CWE79
poi-3.6/src/examples/src/org/apache/poi/xssf/usermodel/examples/BigGridDemo.java;generate;CWE330
proguard-4.9/src/proguard/ConfigurationWriter.java;writeFieldSpecification;CWE79
proguard-4.9/src/proguard/ConfigurationWriter.java;writeComments;CWE79
proguard-4.9/src/proguard/ConfigurationWriter.java;writeOption;CWE79
proguard-4.9/src/proguard/ConfigurationWriter.java;writeOption;CWE79
proguard-4.9/src/proguard/io/DataEntryCopier.java;copyData;CWE79
proguard-4.9/src/proguard/ConfigurationWriter.java;writeMethodSpecification;CWE79
proguard-4.9/src/proguard/ConfigurationWriter.java;writeOption;CWE79
proguard-4.9/src/proguard/ConfigurationWriter.java;writeFieldSpecification;CWE79
proguard-4.9/src/proguard/ConfigurationWriter.java;writeMethodSpecification;CWE79
proguard-4.9/src/proguard/ConfigurationWriter.java;writeOption;CWE79
proguard-4.9/src/proguard/ConfigurationWriter.java;writeMethodSpecification;CWE79
proguard-4.9/src/proguard/ConfigurationWriter.java;writeOption;CWE79
proguard-4.9/src/proguard/ConfigurationWriter.java;writeOption;CWE79
proguard-4.9/src/proguard/ConfigurationWriter.java;writeJarOptions;CWE79
proguard-4.9/src/proguard/ConfigurationWriter.java;writeFieldSpecification;CWE79
proguard-4.9/src/proguard/ConfigurationWriter.java;writeJarOptions;CWE79
proguard-4.9/src/proguard/ConfigurationWriter.java;writeFieldSpecification;CWE79
proguard-4.9/src/proguard/ConfigurationWriter.java;writeMethodSpecification;CWE79
proguard-4.9/src/proguard/ConfigurationWriter.java;writeFilter;CWE79
proguard-4.9/src/proguard/ConfigurationWriter.java;writeOption;CWE79
proguard-4.9/src/proguard/ConfigurationWriter.java;writeOption;CWE79
proguard-4.9/src/proguard/ConfigurationWriter.java;writeOption;CWE79
proguard-4.9/src/proguard/ConfigurationWriter.java;writeOption;CWE79
quartz-1.8.3/examples/src/main/java/org/quartz/examples/example11/LoadExample.java;run;CWE330
quilt-0.6-a-5/src/java/org/quilt/runner/Runner.java;filterStack;CWE79
rssowl-2.0.5/org.rssowl.core.tests/src/org/rssowl/core/tests/persist/LongHashSetTest.java;generate;CWE330
rssowl-2.0.5/org.rssowl.core/src/org/rssowl/core/util/CoreUtils.java;copy;CWE79
rssowl-2.0.5/org.rssowl.core.tests/src/org/rssowl/core/tests/performance/PerformanceTest.java;getReloadFeedsTasks;CWE330
rssowl-2.0.5/org.rssowl.core/src/org/rssowl/core/internal/connection/DefaultProtocolHandler.java;loadFavicon;CWE79
rssowl-2.0.5/org.rssowl.core/src/org/rssowl/core/internal/persist/service/DBHelper.java;copyFileIO;CWE79
rssowl-2.0.5/org.rssowl.core/src/org/rssowl/core/internal/newsaction/GrowlNotifyAction.java;executeCommand;CWE79
rssowl-2.0.5/org.rssowl.core/src/org/rssowl/core/internal/newsaction/GrowlNotifyAction.java;executeCommand;CWE79
rssowl-2.0.5/org.rssowl.core/src/org/rssowl/core/internal/persist/service/DBHelper.java;copyFileIO;CWE79
rssowl-2.0.5/org.rssowl.core/src/org/rssowl/core/util/CoreUtils.java;copy;CWE79
rssowl-2.0.5/org.rssowl.core.tests/src/org/rssowl/core/tests/persist/LongHashSetTest.java;generate;CWE330
rssowl-2.0.5/org.rssowl.core.tests/src/org/rssowl/core/tests/performance/PerformanceTest.java;getReloadFeedsTasks;CWE330
rssowl-2.0.5/org.rssowl.core/src/org/rssowl/core/internal/connection/DefaultProtocolHandler.java;loadFavicon;CWE79
sablecc-3.2/src/org/sablecc/sablecc/GenParser.java;createParser;CWE79
sablecc-3.2/src/org/sablecc/sablecc/GenLexer.java;createLexer;CWE79
sablecc-3.2/src/org/sablecc/sablecc/GenParser.java;createParser;CWE79
sablecc-3.2/src/org/sablecc/sablecc/GenParser.java;createParser;CWE79
sablecc-3.2/src/org/sablecc/sablecc/GenParser.java;createParser;CWE79
sablecc-3.2/src/org/sablecc/sablecc/GenParser.java;createParser;CWE79
sablecc-3.2/src/org/sablecc/sablecc/GenLexer.java;createLexer;CWE79
sablecc-3.2/src/org/sablecc/sablecc/GenParser.java;createParser;CWE79
sablecc-3.2/src/org/sablecc/sablecc/GenParser.java;createParser;CWE79
sablecc-3.2/src/org/sablecc/sablecc/GenParser.java;createParser;CWE79
sablecc-3.2/src/org/sablecc/sablecc/GenLexer.java;createLexer;CWE79
sablecc-3.2/src/org/sablecc/sablecc/GenLexer.java;createLexer;CWE79
sablecc-3.2/src/org/sablecc/sablecc/GenParser.java;createParser;CWE79
sablecc-3.2/src/org/sablecc/sablecc/GenLexer.java;createLexer;CWE79
sablecc-3.2/src/org/sablecc/sablecc/GenLexer.java;createLexer;CWE79
sablecc-3.2/src/org/sablecc/sablecc/GenParser.java;createParser;CWE79
sablecc-3.2/src/org/sablecc/sablecc/GenLexer.java;createLexer;CWE79
sablecc-3.2/src/org/sablecc/sablecc/GenParser.java;createParser;CWE79
sandmark-3.4/src/sandmark/util/classloading/BuildClassList.java;main;CWE79
sandmark-3.4/src/sandmark/util/Misc.java;writeToFile;CWE79
sandmark-3.4/src/sandmark/watermark/mondenwmark/MondenWmark.java;makeKey;CWE330
sandmark-3.4/src/sandmark/obfuscate/addbogusfields/AddBogusFields.java;apply;CWE330
sandmark-3.4/src/sandmark/obfuscate/interleavemethods/Interleaver.java;getSwitchCode;CWE330
sandmark-3.4/src/sandmark/util/Log.java;log;CWE79
sandmark-3.4/src/sandmark/obfuscate/varsplitter/VarSplitter.java;split_vars;CWE330
sandmark-3.4/src/sandmark/util/ParamReorder.java;computeReordering;CWE330
sandmark-3.4/src/sandmark/util/splitint/ValueSplitter.java;getRandomIntsWithSum;CWE330
sandmark-3.4/src/sandmark/util/TempDir.java;<sandmark.util.TempDir>;CWE330
sandmark-3.4/src/sandmark/obfuscate/boolsplitter/BoolSplitter.java;splitBoolVariables;CWE330
sandmark-3.4/src/sandmark/obfuscate/boolsplitter/BoolSplitter.java;splitBoolVariables;CWE330
sandmark-3.4/src/sandmark/util/splitint/AdditiveSplitter.java;main;CWE330
sandmark-3.4/src/sandmark/obfuscate/varsplitter/VarSplitter.java;apply;CWE330
sandmark-3.4/src/sandmark/util/graph/graphview/SimpleGraphLayout.java;layout;CWE330
sandmark-3.4/src/sandmark/util/MethodMerger.java;<sandmark.util.MethodMerger>;CWE330
sandmark-3.4/src/sandmark/util/graph/graphview/SpringEmbedderLayout.java;layout;CWE330
sandmark-3.4/src/sandmark/obfuscate/interleavemethods/Interleaver.java;getSwitchCode;CWE330
springframework-3.0.5/projects/org.springframework.context/src/main/java/org/springframework/jmx/access/MBeanClientInterceptor.java;convertDataArrayToTargetArray;CWE470
springframework-3.0.5/projects/org.springframework.jdbc/src/main/java/org/springframework/jdbc/core/JdbcTemplate.java;update;CWE89
springframework-3.0.5/projects/org.springframework.beans/src/main/java/org/springframework/beans/BeanWrapperImpl.java;getPropertyValue;CWE470
springframework-3.0.5/projects/org.springframework.beans/src/main/java/org/springframework/beans/BeanUtils.java;findMethodWithMinimalParameters;CWE470
springframework-3.0.5/projects/org.springframework.expression/src/main/java/org/springframework/expression/spel/support/ReflectivePropertyAccessor.java;findGetterForProperty;CWE470
springframework-3.0.5/projects/org.springframework.expression/src/main/java/org/springframework/expression/spel/ast/FunctionReference.java;executeFunctionJLRMethod;CWE470
springframework-3.0.5/projects/org.springframework.expression/src/main/java/org/springframework/expression/spel/ast/Projection.java;getValueInternal;CWE470
springframework-3.0.5/projects/org.springframework.web/src/main/java/org/springframework/web/bind/annotation/support/HandlerMethodInvoker.java;initBinder;CWE470
springframework-3.0.5/projects/org.springframework.beans/src/main/java/org/springframework/beans/factory/config/DependencyDescriptor.java;getDependencyType;CWE470
springframework-3.0.5/projects/org.springframework.beans/src/main/java/org/springframework/beans/factory/annotation/AutowiredAnnotationBeanPostProcessor.java;inject;CWE470
springframework-3.0.5/projects/org.springframework.orm/src/main/java/org/springframework/orm/jpa/SharedEntityManagerCreator.java;invoke;CWE470
springframework-3.0.5/projects/org.springframework.web.servlet/src/main/java/org/springframework/web/servlet/mvc/annotation/AnnotationMethodHandlerExceptionResolver.java;doInvokeMethod;CWE470
springframework-3.0.5/projects/org.springframework.beans/src/main/java/org/springframework/beans/factory/annotation/AutowiredAnnotationBeanPostProcessor.java;inject;CWE470
springframework-3.0.5/projects/org.springframework.expression/src/main/java/org/springframework/expression/spel/ast/FunctionReference.java;executeFunctionJLRMethod;CWE470
springframework-3.0.5/projects/org.springframework.web.servlet/src/main/java/org/springframework/web/servlet/mvc/annotation/AnnotationMethodHandlerExceptionResolver.java;resolveStandardArgument;CWE90
springframework-3.0.5/projects/org.springframework.expression/src/main/java/org/springframework/expression/spel/support/ReflectivePropertyAccessor.java;write;CWE470
springframework-3.0.5/projects/org.springframework.beans/src/main/java/org/springframework/beans/BeanUtils.java;instantiateClass;CWE470
springframework-3.0.5/projects/org.springframework.web.servlet/src/main/java/org/springframework/web/servlet/mvc/annotation/AnnotationMethodHandlerAdapter.java;resolveHandlerMethod;CWE470
springframework-3.0.5/projects/org.springframework.beans/src/main/java/org/springframework/beans/factory/support/AutowireUtils.java;invoke;CWE470
springframework-3.0.5/projects/org.springframework.beans/src/main/java/org/springframework/beans/BeanUtils.java;instantiateClass;CWE470
springframework-3.0.5/projects/org.springframework.beans/src/main/java/org/springframework/beans/factory/config/DependencyDescriptor.java;getDependencyName;CWE470
springframework-3.0.5/projects/org.springframework.web/src/main/java/org/springframework/http/converter/FormHttpMessageConverter.java;writeHeaders;CWE90
springframework-3.0.5/projects/org.springframework.web/src/main/java/org/springframework/web/bind/annotation/support/HandlerMethodInvoker.java;getHttpEntityType;CWE470
springframework-3.0.5/projects/org.springframework.web/src/main/java/org/springframework/web/bind/annotation/support/HandlerMethodInvoker.java;getHttpEntityType;CWE470
springframework-3.0.5/projects/org.springframework.web/src/main/java/org/springframework/web/util/UriUtils.java;decode;CWE90
springframework-3.0.5/projects/org.springframework.beans/src/main/java/org/springframework/beans/factory/annotation/QualifierAnnotationAutowireCandidateResolver.java;isAutowireCandidate;CWE470
springframework-3.0.5/projects/org.springframework.web/src/main/java/org/springframework/web/util/CookieGenerator.java;createCookie;CWE1004
springframework-3.0.5/projects/org.springframework.orm/src/main/java/org/springframework/orm/jpa/SharedEntityManagerCreator.java;invoke;CWE470
springframework-3.0.5/projects/org.springframework.expression/src/main/java/org/springframework/expression/spel/ast/FunctionReference.java;executeFunctionJLRMethod;CWE470
springframework-3.0.5/projects/org.springframework.web.servlet/src/main/java/org/springframework/web/servlet/view/velocity/VelocityView.java;mergeTemplate;CWE90
springframework-3.0.5/projects/org.springframework.beans/src/main/java/org/springframework/beans/BeanWrapperImpl.java;setPropertyValue;CWE470
springframework-3.0.5/projects/org.springframework.beans/src/main/java/org/springframework/beans/TypeConverterDelegate.java;convertToTypedArray;CWE470
springframework-3.0.5/projects/org.springframework.beans/src/main/java/org/springframework/beans/factory/support/ConstructorResolver.java;resolvePreparedArguments;CWE470
springframework-3.0.5/projects/org.springframework.beans/src/main/java/org/springframework/beans/TypeConverterDelegate.java;convertToTypedArray;CWE470
springframework-3.0.5/projects/org.springframework.beans/src/main/java/org/springframework/beans/factory/config/DependencyDescriptor.java;<org.springframework.beans.factory.config.DependencyDescriptor>;CWE470
springframework-3.0.5/projects/org.springframework.expression/src/main/java/org/springframework/expression/spel/support/ReflectivePropertyAccessor.java;findGetterForProperty;CWE470
springframework-3.0.5/projects/org.springframework.beans/src/main/java/org/springframework/beans/BeanUtils.java;findMethodWithMinimalParameters;CWE470
springframework-3.0.5/projects/org.springframework.beans/src/main/java/org/springframework/beans/BeanUtils.java;instantiateClass;CWE470
springframework-3.0.5/projects/org.springframework.beans/src/main/java/org/springframework/beans/BeanWrapperImpl.java;setPropertyValue;CWE470
springframework-3.0.5/projects/org.springframework.jdbc/src/main/java/org/springframework/jdbc/object/SqlUpdate.java;updateByNamedParam;CWE89
springframework-3.0.5/projects/org.springframework.expression/src/main/java/org/springframework/expression/spel/ast/FunctionReference.java;executeFunctionJLRMethod;CWE470
springframework-3.0.5/projects/org.springframework.beans/src/main/java/org/springframework/beans/TypeConverterDelegate.java;convertIfNecessary;CWE470
springframework-3.0.5/projects/org.springframework.orm/src/main/java/org/springframework/orm/jpa/SharedEntityManagerCreator.java;invoke;CWE470
springframework-3.0.5/projects/org.springframework.expression/src/main/java/org/springframework/expression/spel/ast/FunctionReference.java;executeFunctionJLRMethod;CWE470
springframework-3.0.5/projects/org.springframework.web/src/main/java/org/springframework/web/bind/annotation/support/HandlerMethodInvoker.java;getHttpEntityType;CWE470
springframework-3.0.5/projects/org.springframework.expression/src/main/java/org/springframework/expression/spel/ast/Selection.java;getValueInternal;CWE470
springframework-3.0.5/projects/org.springframework.expression/src/main/java/org/springframework/expression/spel/support/ReflectionHelper.java;convertAllArguments;CWE470
springframework-3.0.5/projects/org.springframework.jdbc/src/main/java/org/springframework/jdbc/core/JdbcTemplate.java;update;CWE89
springframework-3.0.5/projects/org.springframework.beans/src/main/java/org/springframework/beans/TypeConverterDelegate.java;convertToTypedArray;CWE470
springframework-3.0.5/projects/org.springframework.beans/src/main/java/org/springframework/beans/BeanWrapperImpl.java;setPropertyValue;CWE470
springframework-3.0.5/projects/org.springframework.beans/src/main/java/org/springframework/beans/BeanWrapperImpl.java;run;CWE470
springframework-3.0.5/projects/org.springframework.beans/src/main/java/org/springframework/beans/BeanUtils.java;instantiateClass;CWE470
springframework-3.0.5/projects/org.springframework.web/src/main/java/org/springframework/web/bind/annotation/support/HandlerMethodInvoker.java;invokeHandlerMethod;CWE470
springframework-3.0.5/projects/org.springframework.web.servlet/src/main/java/org/springframework/web/servlet/mvc/annotation/AnnotationMethodHandlerAdapter.java;resolveHandlerMethod;CWE470
springframework-3.0.5/projects/org.springframework.beans/src/main/java/org/springframework/beans/BeanWrapperImpl.java;setPropertyValue;CWE470
springframework-3.0.5/projects/org.springframework.beans/src/main/java/org/springframework/beans/BeanWrapperImpl.java;run;CWE470
springframework-3.0.5/projects/org.springframework.web.servlet/src/main/java/org/springframework/web/servlet/mvc/annotation/AnnotationMethodHandlerAdapter.java;getModelAndView;CWE90
springframework-3.0.5/projects/org.springframework.beans/src/main/java/org/springframework/beans/TypeConverterDelegate.java;convertIfNecessary;CWE470
springframework-3.0.5/projects/org.springframework.expression/src/main/java/org/springframework/expression/spel/support/ReflectivePropertyAccessor.java;findField;CWE470
springframework-3.0.5/projects/org.springframework.beans/src/main/java/org/springframework/beans/BeanUtils.java;findMethodWithMinimalParameters;CWE470
springframework-3.0.5/projects/org.springframework.beans/src/main/java/org/springframework/beans/BeanWrapperImpl.java;setPropertyValue;CWE470
springframework-3.0.5/projects/org.springframework.expression/src/main/java/org/springframework/expression/spel/support/ReflectionHelper.java;setupArgumentsForVarargsInvocation;CWE470
springframework-3.0.5/projects/org.springframework.expression/src/main/java/org/springframework/expression/spel/ast/FunctionReference.java;executeFunctionJLRMethod;CWE470
springframework-3.0.5/projects/org.springframework.jdbc/src/main/java/org/springframework/jdbc/object/SqlQuery.java;executeByNamedParam;CWE89
springframework-3.0.5/projects/org.springframework.beans/src/main/java/org/springframework/beans/BeanWrapperImpl.java;setPropertyValue;CWE470
springframework-3.0.5/projects/org.springframework.beans/src/main/java/org/springframework/beans/factory/support/BeanDefinitionValueResolver.java;resolveManagedArray;CWE470
springframework-3.0.5/projects/org.springframework.beans/src/main/java/org/springframework/beans/BeanWrapperImpl.java;run;CWE470
springframework-3.0.5/projects/org.springframework.beans/src/main/java/org/springframework/beans/BeanUtils.java;instantiateClass;CWE470
springframework-3.0.5/projects/org.springframework.orm/src/main/java/org/springframework/orm/jpa/SharedEntityManagerCreator.java;createSharedEntityManager;CWE470
springframework-3.0.5/projects/org.springframework.beans/src/main/java/org/springframework/beans/factory/support/AutowireUtils.java;resolveAutowiringValue;CWE470
springframework-3.0.5/projects/org.springframework.context/src/main/java/org/springframework/jmx/access/MBeanClientInterceptor.java;convertDataArrayToTargetCollection;CWE470
springframework-3.0.5/projects/org.springframework.orm/src/main/java/org/springframework/orm/jpa/ExtendedEntityManagerCreator.java;createProxy;CWE470
springframework-3.0.5/projects/org.springframework.beans/src/main/java/org/springframework/beans/factory/annotation/QualifierAnnotationAutowireCandidateResolver.java;checkQualifier;CWE470
springframework-3.0.5/projects/org.springframework.web/src/main/java/org/springframework/web/util/UriUtils.java;decode;CWE90
springframework-3.0.5/projects/org.springframework.beans/src/main/java/org/springframework/beans/BeanWrapperImpl.java;setPropertyValue;CWE470
springframework-3.0.5/projects/org.springframework.beans/src/main/java/org/springframework/beans/factory/support/DefaultListableBeanFactory.java;determineObjectFactoryType;CWE470
springframework-3.0.5/projects/org.springframework.orm/src/main/java/org/springframework/orm/jpa/ExtendedEntityManagerCreator.java;invoke;CWE470
springframework-3.0.5/projects/org.springframework.beans/src/main/java/org/springframework/beans/BeanWrapperImpl.java;setPropertyValue;CWE470
springframework-3.0.5/projects/org.springframework.jdbc/src/main/java/org/springframework/jdbc/core/simple/AbstractJdbcInsert.java;executeInsertInternal;CWE89
springframework-3.0.5/projects/org.springframework.beans/src/main/java/org/springframework/beans/BeanWrapperImpl.java;setPropertyValue;CWE470
springframework-3.0.5/projects/org.springframework.expression/src/main/java/org/springframework/expression/spel/support/ReflectionHelper.java;convertAllArguments;CWE470
springframework-3.0.5/projects/org.springframework.beans/src/main/java/org/springframework/beans/factory/config/DependencyDescriptor.java;<org.springframework.beans.factory.config.DependencyDescriptor>;CWE470
springframework-3.0.5/projects/org.springframework.expression/src/main/java/org/springframework/expression/spel/ast/ConstructorReference.java;createArray;CWE470
springframework-3.0.5/projects/org.springframework.jdbc/src/main/java/org/springframework/jdbc/object/SqlUpdate.java;updateByNamedParam;CWE89
springframework-3.0.5/projects/org.springframework.beans/src/main/java/org/springframework/beans/BeanWrapperImpl.java;setPropertyValue;CWE470
springframework-3.0.5/projects/org.springframework.beans/src/main/java/org/springframework/beans/BeanWrapperImpl.java;growArrayIfNecessary;CWE470
springframework-3.0.5/projects/org.springframework.beans/src/main/java/org/springframework/beans/BeanWrapperImpl.java;run;CWE470
springframework-3.0.5/projects/org.springframework.beans/src/main/java/org/springframework/beans/factory/config/DependencyDescriptor.java;<org.springframework.beans.factory.config.DependencyDescriptor>;CWE470
springframework-3.0.5/projects/org.springframework.web/src/main/java/org/springframework/web/bind/annotation/support/HandlerMethodInvoker.java;invokeHandlerMethod;CWE470
springframework-3.0.5/projects/org.springframework.beans/src/main/java/org/springframework/beans/TypeConverterDelegate.java;convertToTypedArray;CWE470
springframework-3.0.5/projects/org.springframework.expression/src/main/java/org/springframework/expression/spel/ast/FunctionReference.java;executeFunctionJLRMethod;CWE470
springframework-3.0.5/projects/org.springframework.web.servlet/src/main/java/org/springframework/web/servlet/mvc/annotation/AnnotationMethodHandlerExceptionResolver.java;getModelAndView;CWE90
springframework-3.0.5/projects/org.springframework.web/src/main/java/org/springframework/remoting/httpinvoker/SimpleHttpInvokerRequestExecutor.java;writeRequestBody;CWE90
springframework-3.0.5/projects/org.springframework.beans/src/main/java/org/springframework/beans/BeanUtils.java;findMethodWithMinimalParameters;CWE470
springframework-3.0.5/projects/org.springframework.jdbc/src/main/java/org/springframework/jdbc/core/JdbcTemplate.java;call;CWE89
springframework-3.0.5/projects/org.springframework.beans/src/main/java/org/springframework/beans/factory/config/DependencyDescriptor.java;getGenericDependencyType;CWE470
springframework-3.0.5/projects/org.springframework.beans/src/main/java/org/springframework/beans/BeanWrapperImpl.java;setPropertyValue;CWE470
springframework-3.0.5/projects/org.springframework.web/src/main/java/org/springframework/web/bind/annotation/support/HandlerMethodInvoker.java;getHttpEntityType;CWE470
springframework-3.0.5/projects/org.springframework.jdbc/src/main/java/org/springframework/jdbc/core/simple/AbstractJdbcInsert.java;executeInsertAndReturnKeyHolderInternal;CWE89
springframework-3.0.5/projects/org.springframework.beans/src/main/java/org/springframework/beans/factory/config/DependencyDescriptor.java;getAnnotations;CWE470
springframework-3.0.5/projects/org.springframework.beans/src/main/java/org/springframework/beans/factory/annotation/AutowiredAnnotationBeanPostProcessor.java;inject;CWE470
springframework-3.0.5/projects/org.springframework.beans/src/main/java/org/springframework/beans/BeanWrapperImpl.java;run;CWE470
springframework-3.0.5/projects/org.springframework.expression/src/main/java/org/springframework/expression/spel/support/ReflectivePropertyAccessor.java;write;CWE470
springframework-3.0.5/projects/org.springframework.context/src/main/java/org/springframework/jmx/access/MBeanClientInterceptor.java;convertDataArrayToTargetArray;CWE470
springframework-3.0.5/projects/org.springframework.web.servlet/src/main/java/org/springframework/web/servlet/mvc/annotation/AnnotationMethodHandlerAdapter.java;resolveStandardArgument;CWE90
springframework-3.0.5/projects/org.springframework.expression/src/main/java/org/springframework/expression/spel/ast/ConstructorReference.java;createArray;CWE470
springframework-3.0.5/projects/org.springframework.web/src/main/java/org/springframework/web/util/UriUtils.java;decode;CWE90
springframework-3.0.5/projects/org.springframework.web.servlet/src/main/java/org/springframework/web/servlet/mvc/annotation/AnnotationMethodHandlerExceptionResolver.java;doInvokeMethod;CWE470
springframework-3.0.5/projects/org.springframework.web/src/main/java/org/springframework/web/bind/annotation/support/HandlerMethodInvoker.java;invokeHandlerMethod;CWE470
springframework-3.0.5/projects/org.springframework.web/src/main/java/org/springframework/web/util/UriUtils.java;decode;CWE90
springframework-3.0.5/projects/org.springframework.web/src/main/java/org/springframework/web/bind/annotation/support/HandlerMethodInvoker.java;initBinder;CWE470
springframework-3.0.5/projects/org.springframework.web/src/main/java/org/springframework/remoting/httpinvoker/SimpleHttpInvokerRequestExecutor.java;writeRequestBody;CWE90
springframework-3.0.5/projects/org.springframework.web/src/main/java/org/springframework/web/util/CookieGenerator.java;createCookie;CWE1004
springframework-3.0.5/projects/org.springframework.web/src/main/java/org/springframework/web/bind/annotation/support/HandlerMethodInvoker.java;invokeHandlerMethod;CWE470
springframework-3.0.5/projects/org.springframework.web.servlet/src/main/java/org/springframework/web/servlet/mvc/annotation/AnnotationMethodHandlerAdapter.java;resolveHandlerMethod;CWE470
springframework-3.0.5/projects/org.springframework.web.servlet/src/main/java/org/springframework/web/servlet/mvc/annotation/AnnotationMethodHandlerAdapter.java;resolveHandlerMethod;CWE470
sunflow-0.07.2/src/org/sunflow/image/Bitmap.java;saveTGA;CWE79
sunflow-0.07.2/src/org/sunflow/image/Bitmap.java;saveHDR;CWE79
sunflow-0.07.2/src/org/sunflow/image/Bitmap.java;saveTGA;CWE79
sunflow-0.07.2/src/org/sunflow/image/Bitmap.java;saveHDR;CWE79
sunflow-0.07.2/src/org/sunflow/image/Bitmap.java;saveHDR;CWE79
sunflow-0.07.2/src/org/sunflow/image/Bitmap.java;saveTGA;CWE79
sunflow-0.07.2/src/org/sunflow/image/Bitmap.java;saveTGA;CWE79
sunflow-0.07.2/src/org/sunflow/image/Bitmap.java;saveTGA;CWE79
sunflow-0.07.2/src/org/sunflow/image/Bitmap.java;saveHDR;CWE79
sunflow-0.07.2/src/org/sunflow/image/Bitmap.java;saveTGA;CWE79
sunflow-0.07.2/src/org/sunflow/image/Bitmap.java;saveHDR;CWE79
sunflow-0.07.2/src/org/sunflow/image/Bitmap.java;saveTGA;CWE79
trove-2.1.0/src/gnu/trove/benchmark/Test.java;main;CWE330
trove-2.1.0/src/gnu/trove/benchmark/CompactionBenchmark.java;main;CWE330
trove-2.1.0/src/gnu/trove/benchmark/Main.java;getRandomSetContainsOp;CWE330
trove-2.1.0/src/gnu/trove/benchmark/Main.java;getRandomSetContainsOp;CWE330
wct-1.5.2/WCTDigitalAssetStore/src/org/webcurator/core/store/arc/ArcDigitalAssetStoreService.java;createSortedCrawlLogFile;CWE79
wct-1.5.2/WCTDigitalAssetStore/src/org/webcurator/core/archive/file/FileUtil.java;moveFile;CWE79
webmail-0.7.10/src/net/wastl/webmail/server/WebMailServlet.java;service;CWE90
webmail-0.7.10/src/net/wastl/webmail/server/WebMailServlet.java;service;CWE90
webmail-0.7.10/src/org/webengruven/webmail/authenticators/OTPAuthenticator.java;getNewChallenge;CWE330
webmail-0.7.10/src/net/wastl/webmail/server/WebMailServlet.java;service;CWE79
webmail-0.7.10/src/net/wastl/webmail/plugins/SendMessage.java;handleURL;CWE79
webmail-0.7.10/src/net/wastl/webmail/xml/XMLUserData.java;setPassword;CWE330
webmail-0.7.10/src/net/wastl/webmail/server/WebMailServlet.java;service;CWE79
webmail-0.7.10/src/net/wastl/webmail/server/WebMailServlet.java;service;CWE79
webmail-0.7.10/src/net/wastl/webmail/server/SystemCheck.java;<net.wastl.webmail.server.SystemCheck>;CWE79
webmail-0.7.10/src/net/wastl/webmail/server/WebMailServlet.java;service;CWE90
xalan-2.7.1/src/org/apache/xalan/xsltc/dom/DocumentCache.java;getStatistics;CWE90
xalan-2.7.1/src/org/apache/xalan/lib/ExsltMath.java;random;CWE330
xalan-2.7.1/src/org/apache/xml/utils/ListingErrorHandler.java;logSourceLine;CWE90
xalan-2.7.1/src/org/apache/xml/utils/ListingErrorHandler.java;logSourceLine;CWE79
xalan-2.7.1/src/org/apache/xalan/extensions/ExtensionHandlerGeneral.java;<org.apache.xalan.extensions.ExtensionHandlerGeneral>;CWE470
xerces-2.10.0/src/org/apache/xerces/util/DefaultErrorHandler.java;printError;CWE90
xerces-2.10.0/src/org/apache/xerces/impl/xs/XSModelImpl.java;toArray;CWE470
xerces-2.10.0/src/org/apache/xerces/impl/xs/util/StringListImpl.java;toArray;CWE470
xerces-2.10.0/src/org/apache/xerces/xpointer/XPointerErrorHandler.java;printError;CWE90
xerces-2.10.0/src/org/apache/xerces/util/DefaultErrorHandler.java;printError;CWE90
xerces-2.10.0/src/org/apache/xerces/impl/xs/util/XSObjectListImpl.java;toArray;CWE470
xerces-2.10.0/src/org/apache/xerces/xpointer/XPointerErrorHandler.java;printError;CWE90
xerces-2.10.0/src/org/apache/xerces/xpointer/XPointerErrorHandler.java;printError;CWE90
xerces-2.10.0/src/org/apache/xerces/util/DefaultErrorHandler.java;printError;CWE90
